Workbook

Sheet Página10
A1: Nome | B1: Turma | C1: Período | E1: Não Vai
A2: Aluno 047 | B2: Turma B1 | C2: Matutino | E2: Aluno (n/d) | F2: Turma | G2: O que fez ?
A3: Aluno 051 | B3: Turma B1 | C3: Matutino | E3: Aluno (n/d) | F3: B1 M | G3: Andando em cima da mureta mesmo após ser alertado
A4: Aluno 066 | B4: Turma B1 | C4: Matutino | E4: Aluno (n/d) | F4: D V | G4: Prática Anti-Desportiva
A5: Aluno 067 | B5: Turma B1 | C5: Matutino | E5: Aluno (n/d) | F5: D V | G5: Prática Anti-Desportiva
A6: Aluno 072 | B6: Turma B1 | C6: Matutino
A7: Aluno 075 | B7: Turma B1 | C7: Matutino
A8: Aluno 087 | B8: Turma B1 | C8: Matutino
A9: Aluno 133 | B9: Turma B1 | C9: Matutino
A10: Aluno 138 | B10: Turma B1 | C10: Matutino
A11: Aluno 127 | B11: Turma B1 | C11: Matutino
A12: Aluno 169 | B12: Turma B1 | C12: Matutino
A13: Aluno 224 | B13: Turma B1 | C13: Matutino
A14: Aluno 228 | B14: Turma B1 | C14: Matutino
A15: Aluno 020 | B15: Turma D | C15: Vespertino
A16: Aluno 040 | B16: Turma D | C16: Vespertino
A17: Aluno 048 | B17: Turma D | C17: Vespertino
... A45: Aluno 189 | B45: Turma E | C45: Matutino

Sheet Alunos
A1: Nome | B1: Turma | C1: Período | D1: Futebol | E1: Futsal | F1: Queimada | G1: Rouba Bandeira | H1: Basquete | I1: Vôlei | J1: Taekwondo | K1: Ginastica
A2: Aluno 001 | B2: Turma E | C2: Matutino | D2: Participa | E2: Participa | F2: Participa | G2: Participa | H2: Participa | I2: Participa | J2: Não Participa | K2: Não Participa
A3: Aluno 272 | B3: Turma C | C3: Matutino | D3: Não Participa | E3: Não Participa | F3: Não Participa | G3: Não Participa | H3: Não Participa | I3: Não Participa | J3: Não Participa | K3: Não Participa
A4: Aluno 002 | B4: Turma A | C4: Vespertino | D4: Não Participa | E4: Não Participa | F4: Não Participa | G4: Participa | H4: Não Participa | I4: Não Participa | J4: Participa | K4: Participa
A5: Aluno 273 | B5: Turma C | C5: Vespertino | D5: Não Participa | E5: Não Participa | F5: Não Participa | G5: Não Participa | H5: Não Participa | I5: Não Participa | J5: Não Participa | K5: Não Participa
A6: Aluno 003 | B6: Turma A | C6: Vespertino | D6: Não Participa | E6: Não Participa | F6: Não Participa | G6: Não Participa | H6: Não Participa | I6: Não Participa | J6: Não Participa | K6: Não Participa
A7: Aluno 274 | B7: Turma A | C7: Matutino | D7: Não Participa | E7: Não Participa | F7: Participa | G7: Participa | H7: Não Participa | I7: Não Participa | J7: Não Participa | K7: Participa
A8: Aluno 004 | B8: Turma B1 | C8: Vespertino | D8: Não Participa | E8: Não Participa | F8: Não Participa | G8: Não Participa | H8: Não Participa | I8: Não Participa | J8: Não Participa | K8: Não Participa
A9: Aluno 005 | B9: Turma B2 | C9: Vespertino | D9: Participa | E9: Participa | F9: Não Participa | G9: Não Participa | H9: Não Participa | I9: Não Participa | J9: Não Participa | K9: Não Participa
A10: Aluno 006 | B10: Turma E | C10: Vespertino | D10: Participa | E10: Participa | F10: Participa | G10: Participa | H10: Participa | I10: Participa | J10: Participa | K10: Não Participa
A11: Aluno 007 | B11: Turma B1 | C11: Vespertino | D11: Não Participa | E11: Não Participa | F11: Participa | G11: Participa | H11: Não Participa | I11: Não Participa | J11: Participa | K11: Participa
A12: Aluno 008 | B12: Turma C | C12: Matutino | D12: Participa | E12: Não Participa | F12: Participa | G12: Participa | H12: Não Participa | I12: Não Participa | J12: Participa | K12: Não Participa
... A276: Aluno 088 | B276: Turma GR | C276: Vespertino | D276: Participa | E276: Participa | F276: Participa | G276: Participa | H276: Participa | I276: Participa | J276: Não Participa | K276: Não Participa

Sheet Descontos
A1: Desconto de pontos
A2: Nome | B2: Turma | C2: O que fez ? | D2: Quantidade
A3: Aluno (n/d) | B3: B1 M | C3: Andando em cima da mureta mesmo após ser alertado | D3: 1
A4: Aluno (n/d) | B4: D V | C4: Prática Anti-Desportiva | D4: 2
A5: Aluno (n/d) | B5: D M | C5: Uso do equipamento sem autorização, Ameaça | D5: 4
A6: Aluno (n/d) | B6: D V | C6: Prática Anti-Desportiva | D6: 1
A7: Aluno 266 | B7: D M | C7: Sairam sem autorização e trouxeram itens de fora para fundação | D7: 2
A8: Aluno (n/d) | B8: D M | C8: Sairam sem autorização e trouxeram itens de fora para fundação | D8: 2
A9: Aluno (n/d) | B9: D M | C9: Sairam sem autorização e trouxeram itens de fora para fundação | D9: 2
A10: Aluno 084 | B10: C M | C10: Sairam sem autorização e trouxeram itens de fora para fundação | D10: 2
A11: Aluno (n/d) | B11: C M | C11: Sairam sem autorização e trouxeram itens de fora para fundação | D11: 2
A12: Aluno (n/d) | B12: B2 M | C12: Bagunça na linha do campo | D12: 1
A13: Aluno 183 | B13: B1 V | C13: Bagunça na linha do campo | D13: 1
A14: Aluno 267 | B14: D M | C14: Prática Anti-Desportiva | D14: 1
... A17: Aluno (n/d) | B17: Todos | C17: Trouxeram Telefone | D17: 1

Sheet Individual Taekwondo
A1: Competidores | B1: Turma | C1: Período | D1: Presente | E1: Categoria | F1: Sexo | H1: TAEKWONDO MIRIM MASCULINO | O1: TAEKWONDO MIRIM FEMININO | V1: TAEKWONDO INFANTIL MASCULINO | AC1: TAEKWONDO INFANTIL FEMININO | AJ1: TAEKWONDO CADETE MASCULINO | AQ1: TAEKWONDO CADETE FEMININO
A2: =IFERROR(__xludf.DUMMYFUNCTION("FILTER(Alunos!A:A, Alunos!J:J = ""Participa"")"),"AGATA LORRAINE ARAÚJO DA COSTA") | B2: =IFERROR(__xludf.DUMMYFUNCTION("FILTER(Alunos!B:B,Alunos!$J:$J = ""Participa"")"),"Turma A") | C2: =IFERROR(__xludf.DUMMYFUNCTION("FILTER(Alunos!C:C,Alunos!$J:$J = ""Participa"")"),"Vespertino") | D2: Veio | E2: MIRIM | F2: FEMININO
A3: =IFERROR(__xludf.DUMMYFUNCTION("""COMPUTED_VALUE"""),"ALLAN ALVES RIBEIRO") | B3: =IFERROR(__xludf.DUMMYFUNCTION("""COMPUTED_VALUE"""),"Turma E") | C3: =IFERROR(__xludf.DUMMYFUNCTION("""COMPUTED_VALUE"""),"Vespertino") | D3: Veio | E3: CADETE | F3: MASCULINO | H3: COLOCAÇÃO | I3: ALUNO | J3: Turma | K3: PONTOS | L3: PESO | O3: COLOCAÇÃO | P3: ALUNO | Q3: TURMA | R3: PONTOS | S3: PESO | V3: COLOCAÇÃO | W3: ALUNO | X3: TURMA | Y3: PONTOS | Z3: PESO | AC3: COLOCAÇÃO | AD3: ALUNO | AE3: TURMA | AF3: PONTOS | AG3: PESO | AJ3: COLOCAÇÃO | AK3: ALUNO | AL3: TURMA | AM3: PONTOS | AN3: PESO | AQ3: COLOCAÇÃO | AR3: ALUNO | AS3: TURMA | AT3: PONTOS | AU3: PESO
A4: =IFERROR(__xludf.DUMMYFUNCTION("""COMPUTED_VALUE"""),"ALLANA FERREIRA DA SILVA") | B4: =IFERROR(__xludf.DUMMYFUNCTION("""COMPUTED_VALUE"""),"Turma B1") | C4: =IFERROR(__xludf.DUMMYFUNCTION("""COMPUTED_VALUE"""),"Vespertino") | D4: Veio | E4: INFANTIL | F4: FEMININO | I4: =IFERROR(__xludf.DUMMYFUNCTION("FILTER($A:$A,$E:$E = ""MIRIM"", $F:$F = ""MASCULINO"", $D:$D = ""Veio"")"),"CAUÃ SOUZA PROCÓPIO DA SILVA") | J4: =IFERROR(__xludf.DUMMYFUNCTION("FILTER($B:$B,$E:$E = ""MIRIM"", $F:$F = ""MASCULINO"", $D:$D = ""Veio"")"),"Turma A") | K4: 3 | L4: Até 32Kg | M4: Até 22Kg | P4: =IFERROR(__xludf.DUMMYFUNCTION("FILTER($A:$A,$E:$E = ""MIRIM"", $F:$F = ""FEMININO"", $D:$D = ""Veio"")"),"AGATA LORRAINE ARAÚJO DA COSTA") | Q4: =IFERROR(__xludf.DUMMYFUNCTION("FILTER($B:$B,$E:$E = ""MIRIM"", $F:$F = ""FEMININO"", $D:$D = ""Veio"")"),"Turma A") | R4: 3 | S4: Até 28Kg | T4: Até 22Kg | W4: =IFERROR(__xludf.DUMMYFUNCTION("FILTER($A:$A,$E:$E = ""INFANTIL"", $F:$F = ""MASCULINO"", $D:$D = ""Veio"")"),"AQUIRIZ ARAUJO DE FREITAS") | X4: =IFERROR(__xludf.DUMMYFUNCTION("FILTER($B:$B,$E:$E = ""INFANTIL"", $F:$F = ""MASCULINO"", $D:$D = ""Veio"")"),"Turma C") | Y4: 3 | Z4: Acima de 45Kg | AA4: Até 30Kg | AD4: =IFERROR(__xludf.DUMMYFUNCTION("FILTER($A:$A,$E:$E = ""INFANTIL"", $F:$F = ""FEMININO"", $D:$D = ""Veio"")"),"ALLANA FERREIRA DA SILVA") | AE4: =IFERROR(__xludf.DUMMYFUNCTION("FILTER($B:$B,$E:$E = ""INFANTIL"", $F:$F = ""FEMININO"", $D:$D = ""Veio"")"),"Turma B1") | AG4: Até 35Kg | AH4: Até 30Kg | AK4: =IFERROR(__xludf.DUMMYFUNCTION("FILTER($A:$A,$E:$E = ""CADETE"", $F:$F = ""MASCULINO"", $D:$D = ""Veio"")"),"ALLAN ALVES RIBEIRO") | AL4: =IFERROR(__xludf.DUMMYFUNCTION("FILTER($B:$B,$E:$E = ""CADETE"", $F:$F = ""MASCULINO"", $D:$D = ""Veio"")"),"Turma E") | AN4: Até 53Kg | AO4: Até 37Kg | AR4: =IFERROR(__xludf.DUMMYFUNCTION("FILTER($A:$A,$E:$E = ""CADETE"", $F:$F = ""FEMININO"", $D:$D = ""Veio"")"),"Danielly Hilary Almeida Martins") | AS4: =IFERROR(__xludf.DUMMYFUNCTION("FILTER($B:$B,$E:$E = ""CADETE"", $F:$F = ""FEMININO"", $D:$D = ""Veio"")"),"Turma D") | AT4: 3 | AU4: Acima de 59Kg | AV4: Até 37Kg
A5: =IFERROR(__xludf.DUMMYFUNCTION("""COMPUTED_VALUE"""),"Allana Gonçalves Da Silva") | B5: =IFERROR(__xludf.DUMMYFUNCTION("""COMPUTED_VALUE"""),"Turma C") | C5: =IFERROR(__xludf.DUMMYFUNCTION("""COMPUTED_VALUE"""),"Matutino") | D5: Veio | E5: MIRIM | F5: FEMININO | I5: =IFERROR(__xludf.DUMMYFUNCTION("""COMPUTED_VALUE"""),"DANIEL VIEIRA MARTINS") | J5: =IFERROR(__xludf.DUMMYFUNCTION("""COMPUTED_VALUE"""),"Turma B1") | K5: 3 | L5: Até 28Kg | M5: Até 24Kg | P5: =IFERROR(__xludf.DUMMYFUNCTION("""COMPUTED_VALUE"""),"Allana Gonçalves Da Silva") | Q5: =IFERROR(__xludf.DUMMYFUNCTION("""COMPUTED_VALUE"""),"Turma C") | S5: Até 32Kg | T5: Até 24Kg | W5: =IFERROR(__xludf.DUMMYFUNCTION("""COMPUTED_VALUE"""),"Breno Henrique Germano Dos Santos") | X5: =IFERROR(__xludf.DUMMYFUNCTION("""COMPUTED_VALUE"""),"Turma C") | AA5: Até 35Kg | AD5: =IFERROR(__xludf.DUMMYFUNCTION("""COMPUTED_VALUE"""),"CLAUDIA GABRIELY CAMARGO MOREIRA") | AE5: =IFERROR(__xludf.DUMMYFUNCTION("""COMPUTED_VALUE"""),"Turma D") | AF5: 3 | AG5: Até 35Kg | AH5: Até 35Kg | AK5: =IFERROR(__xludf.DUMMYFUNCTION("""COMPUTED_VALUE"""),"DIEGO RENAN OLIVEIRA DA SILVA") | AL5: =IFERROR(__xludf.DUMMYFUNCTION("""COMPUTED_VALUE"""),"Turma E") | AM5: 3 | AN5: Até 61Kg | AO5: Até 45Kg | AR5: =IFERROR(__xludf.DUMMYFUNCTION("""COMPUTED_VALUE"""),"KAUANE BARBOSA LEMES") | AS5: =IFERROR(__xludf.DUMMYFUNCTION("""COMPUTED_VALUE"""),"Turma E") | AT5: 3 | AU5: Até 51Kg | AV5: Até 44Kg
A6: =IFERROR(__xludf.DUMMYFUNCTION("""COMPUTED_VALUE"""),"Ana Julia Da Cruz Oliveira") | B6: =IFERROR(__xludf.DUMMYFUNCTION("""COMPUTED_VALUE"""),"Turma A") | C6: =IFERROR(__xludf.DUMMYFUNCTION("""COMPUTED_VALUE"""),"Matutino") | D6: Veio | E6: MIRIM | F6: FEMININO | I6: =IFERROR(__xludf.DUMMYFUNCTION("""COMPUTED_VALUE"""),"DAVY THAYLOM OLIVEIRA DOS SANTOS") | J6: =IFERROR(__xludf.DUMMYFUNCTION("""COMPUTED_VALUE"""),"Turma A") | L6: Até 24Kg | M6: Até 26Kg | P6: =IFERROR(__xludf.DUMMYFUNCTION("""COMPUTED_VALUE"""),"Ana Julia Da Cruz Oliveira") | Q6: =IFERROR(__xludf.DUMMYFUNCTION("""COMPUTED_VALUE"""),"Turma A") | R6: 3 | S6: Até 26Kg | T6: Até 26Kg | W6: =IFERROR(__xludf.DUMMYFUNCTION("""COMPUTED_VALUE"""),"CARLOS DANIEL BARROSO FERREIRA") | X6: =IFERROR(__xludf.DUMMYFUNCTION("""COMPUTED_VALUE"""),"Turma C") | Z6: Até 40Kg | AA6: Até 40Kg | AD6: =IFERROR(__xludf.DUMMYFUNCTION("""COMPUTED_VALUE"""),"EMILLY VICTÓRIA DO NASCIMENTO BEZERRA") | AE6: =IFERROR(__xludf.DUMMYFUNCTION("""COMPUTED_VALUE"""),"Turma B2") | AG6: Até 45Kg | AH6: Até 40Kg | AK6: =IFERROR(__xludf.DUMMYFUNCTION("""COMPUTED_VALUE"""),"GUSTAVO GALVÃO DE JESUS") | AL6: =IFERROR(__xludf.DUMMYFUNCTION("""COMPUTED_VALUE"""),"Turma D") | AM6: 3 | AN6: Acima de 61Kg | AO6: Até 53Kg | AR6: =IFERROR(__xludf.DUMMYFUNCTION("""COMPUTED_VALUE"""),"KETLEN LORRANE DO NASCIMENTO DA SILVA") | AS6: =IFERROR(__xludf.DUMMYFUNCTION("""COMPUTED_VALUE"""),"Turma E") | AU6: Até 51Kg | AV6: Até 51Kg
A7: =IFERROR(__xludf.DUMMYFUNCTION("""COMPUTED_VALUE"""),"AQUIRIZ ARAUJO DE FREITAS") | B7: =IFERROR(__xludf.DUMMYFUNCTION("""COMPUTED_VALUE"""),"Turma C") | C7: =IFERROR(__xludf.DUMMYFUNCTION("""COMPUTED_VALUE"""),"Vespertino") | D7: Veio | E7: INFANTIL | F7: MASCULINO | I7: =IFERROR(__xludf.DUMMYFUNCTION("""COMPUTED_VALUE"""),"ERIK KAUAN DE SOUSA SILVA") | J7: =IFERROR(__xludf.DUMMYFUNCTION("""COMPUTED_VALUE"""),"Turma B1") | L7: Acima de 38Kg | M7: Até 28Kg | P7: =IFERROR(__xludf.DUMMYFUNCTION("""COMPUTED_VALUE"""),"Estela Martins Lopes") | Q7: =IFERROR(__xludf.DUMMYFUNCTION("""COMPUTED_VALUE"""),"Turma A") | S7: Até 36Kg | T7: Até 28Kg | W7: =IFERROR(__xludf.DUMMYFUNCTION("""COMPUTED_VALUE"""),"Carlos Eduardo De Souza") | X7: =IFERROR(__xludf.DUMMYFUNCTION("""COMPUTED_VALUE"""),"Turma D") | Z7: Até 40Kg | AA7: Até 45Kg | AD7: =IFERROR(__xludf.DUMMYFUNCTION("""COMPUTED_VALUE"""),"IARA YASMIN FERREIRA IZEL") | AE7: =IFERROR(__xludf.DUMMYFUNCTION("""COMPUTED_VALUE"""),"Turma B1") | AG7: Até 45Kg | AH7: Até 45Kg | AK7: =IFERROR(__xludf.DUMMYFUNCTION("""COMPUTED_VALUE"""),"JOÃO PEDRO JESUS SOUZA") | AL7: =IFERROR(__xludf.DUMMYFUNCTION("""COMPUTED_VALUE"""),"Turma E") | AN7: Até 61Kg | AO7: Até 61Kg | AR7: =IFERROR(__xludf.DUMMYFUNCTION("""COMPUTED_VALUE"""),"Lorena De Paiva Leite") | AS7: =IFERROR(__xludf.DUMMYFUNCTION("""COMPUTED_VALUE"""),"Turma D") | AU7: Até 51Kg | AV7: Até 59Kg
A8: =IFERROR(__xludf.DUMMYFUNCTION("""COMPUTED_VALUE"""),"Breno Henrique Germano Dos Santos") | B8: =IFERROR(__xludf.DUMMYFUNCTION("""COMPUTED_VALUE"""),"Turma C") | C8: =IFERROR(__xludf.DUMMYFUNCTION("""COMPUTED_VALUE"""),"Matutino") | D8: Veio | E8: INFANTIL | F8: MASCULINO | I8: =IFERROR(__xludf.DUMMYFUNCTION("""COMPUTED_VALUE"""),"LUIZ FELIPE POLICARPO DOS SANTOS") | J8: =IFERROR(__xludf.DUMMYFUNCTION("""COMPUTED_VALUE"""),"Turma A") | L8: Até 32Kg | M8: Até 30Kg | P8: =IFERROR(__xludf.DUMMYFUNCTION("""COMPUTED_VALUE"""),"HELLOARA SANTOS DE LIMA") | Q8: =IFERROR(__xludf.DUMMYFUNCTION("""COMPUTED_VALUE"""),"Turma B2") | R8: 3 | S8: Acima de 38Kg | T8: Até 30Kg | W8: =IFERROR(__xludf.DUMMYFUNCTION("""COMPUTED_VALUE"""),"CARLOS EDUARDO GENUINO DE ALENCAR") | X8: =IFERROR(__xludf.DUMMYFUNCTION("""COMPUTED_VALUE"""),"Turma C") | Z8: Acima de 45Kg | AA8: Acima de 45Kg | AD8: =IFERROR(__xludf.DUMMYFUNCTION("""COMPUTED_VALUE"""),"Kamily Barbosa Lemes") | AE8: =IFERROR(__xludf.DUMMYFUNCTION("""COMPUTED_VALUE"""),"Turma C") | AG8: Até 45Kg | AH8: Acima de 45Kg | AK8: =IFERROR(__xludf.DUMMYFUNCTION("""COMPUTED_VALUE"""),"Nicolas Araújo De Souza") | AL8: =IFERROR(__xludf.DUMMYFUNCTION("""COMPUTED_VALUE"""),"Turma D") | AN8: Acima de 61Kg | AO8: Acima de 61Kg | AR8: =IFERROR(__xludf.DUMMYFUNCTION("""COMPUTED_VALUE"""),"Mariah Sophia Sales Aniceto") | AS8: =IFERROR(__xludf.DUMMYFUNCTION("""COMPUTED_VALUE"""),"Turma D") | AU8: Até 51Kg | AV8: Acima de 59Kg
A9: =IFERROR(__xludf.DUMMYFUNCTION("""COMPUTED_VALUE"""),"CARLOS DANIEL BARROSO FERREIRA") | B9: =IFERROR(__xludf.DUMMYFUNCTION("""COMPUTED_VALUE"""),"Turma C") | C9: =IFERROR(__xludf.DUMMYFUNCTION("""COMPUTED_VALUE"""),"Vespertino") | D9: Veio | E9: INFANTIL | F9: MASCULINO | I9: =IFERROR(__xludf.DUMMYFUNCTION("""COMPUTED_VALUE"""),"MARCOS ANTÔNIO TRINDADE DA SILVA") | J9: =IFERROR(__xludf.DUMMYFUNCTION("""COMPUTED_VALUE"""),"Turma B1") | K9: 3 | L9: Até 34Kg | M9: Até 32Kg | P9: =IFERROR(__xludf.DUMMYFUNCTION("""COMPUTED_VALUE"""),"JHENIFFER YASMIN MENDES MORAES") | Q9: =IFERROR(__xludf.DUMMYFUNCTION("""COMPUTED_VALUE"""),"Turma A") | R9: 3 | S9: Até 32Kg | T9: Até 32Kg | W9: =IFERROR(__xludf.DUMMYFUNCTION("""COMPUTED_VALUE"""),"Darlan Guilherme Sobreiro Romero Da Silva") | X9: =IFERROR(__xludf.DUMMYFUNCTION("""COMPUTED_VALUE"""),"Turma D") | Y9: 3 | Z9: Até 40Kg | AK9: =IFERROR(__xludf.DUMMYFUNCTION("""COMPUTED_VALUE"""),"SAMUEL JUNIOR VERDAN FRANCISCO") | AL9: =IFERROR(__xludf.DUMMYFUNCTION("""COMPUTED_VALUE"""),"Turma D") | AM9: 3 | AN9: Acima de 61Kg | AR9: =IFERROR(__xludf.DUMMYFUNCTION("""COMPUTED_VALUE"""),"Valdenira Silva Do Nascimento") | AS9: =IFERROR(__xludf.DUMMYFUNCTION("""COMPUTED_VALUE"""),"Turma D") | AT9: 3 | AU9: Até 44Kg
A10: =IFERROR(__xludf.DUMMYFUNCTION("""COMPUTED_VALUE"""),"Carlos Eduardo De Souza") | B10: =IFERROR(__xludf.DUMMYFUNCTION("""COMPUTED_VALUE"""),"Turma D") | C10: =IFERROR(__xludf.DUMMYFUNCTION("""COMPUTED_VALUE"""),"Vespertino") | D10: Veio | E10: INFANTIL | F10: MASCULINO | I10: =IFERROR(__xludf.DUMMYFUNCTION("""COMPUTED_VALUE"""),"MIGUEL AUGUSTO DE LIMA TRINDADE") | J10: =IFERROR(__xludf.DUMMYFUNCTION("""COMPUTED_VALUE"""),"Turma B1") | K10: 3 | L10: Até 28Kg | M10: Até 34Kg | P10: =IFERROR(__xludf.DUMMYFUNCTION("""COMPUTED_VALUE"""),"Julia Emanuelly Lavratti Oliveira") | Q10: =IFERROR(__xludf.DUMMYFUNCTION("""COMPUTED_VALUE"""),"Turma A") | S10: Até 28Kg | T10: Até 34Kg | W10: =IFERROR(__xludf.DUMMYFUNCTION("""COMPUTED_VALUE"""),"DAVI LORENZO BARBOSA MOREIRA") | X10: =IFERROR(__xludf.DUMMYFUNCTION("""COMPUTED_VALUE"""),"Turma C") | Z10: Até 35Kg | AK10: =IFERROR(__xludf.DUMMYFUNCTION("""COMPUTED_VALUE"""),"WEVERTON LEONARDO VIEIRA MARTINS") | AL10: =IFERROR(__xludf.DUMMYFUNCTION("""COMPUTED_VALUE"""),"Turma D") | AN10: Até 53Kg | AR10: =IFERROR(__xludf.DUMMYFUNCTION("""COMPUTED_VALUE"""),"YASMYN THAUANY ALCANTARA MONTEIRO") | AS10: =IFERROR(__xludf.DUMMYFUNCTION("""COMPUTED_VALUE"""),"Turma D") | AU10: Até 44Kg
A11: =IFERROR(__xludf.DUMMYFUNCTION("""COMPUTED_VALUE"""),"CARLOS EDUARDO GENUINO DE ALENCAR") | B11: =IFERROR(__xludf.DUMMYFUNCTION("""COMPUTED_VALUE"""),"Turma C") | C11: =IFERROR(__xludf.DUMMYFUNCTION("""COMPUTED_VALUE"""),"Vespertino") | D11: Veio | E11: INFANTIL | F11: MASCULINO | I11: =IFERROR(__xludf.DUMMYFUNCTION("""COMPUTED_VALUE"""),"MIGUEL NYKOLAS DUTRA ALMEIDA") | J11: =IFERROR(__xludf.DUMMYFUNCTION("""COMPUTED_VALUE"""),"Turma B1") | L11: Até 30Kg | M11: Até 36Kg | P11: =IFERROR(__xludf.DUMMYFUNCTION("""COMPUTED_VALUE"""),"Kamilly Alves De Souza") | Q11: =IFERROR(__xludf.DUMMYFUNCTION("""COMPUTED_VALUE"""),"Turma A") | R11: 3 | S11: Até 24Kg | T11: Até 36Kg | W11: =IFERROR(__xludf.DUMMYFUNCTION("""COMPUTED_VALUE"""),"ENZO GABRIEL FERREIRA DOS SANTOS") | X11: =IFERROR(__xludf.DUMMYFUNCTION("""COMPUTED_VALUE"""),"Turma B2") | Z11: Até 35Kg | AN11: Até 53Kg
A12: =IFERROR(__xludf.DUMMYFUNCTION("""COMPUTED_VALUE"""),"CAUÃ SOUZA PROCÓPIO DA SILVA") | B12: =IFERROR(__xludf.DUMMYFUNCTION("""COMPUTED_VALUE"""),"Turma A") | C12: =IFERROR(__xludf.DUMMYFUNCTION("""COMPUTED_VALUE"""),"Vespertino") | D12: Veio | E12: MIRIM | F12: MASCULINO | I12: =IFERROR(__xludf.DUMMYFUNCTION("""COMPUTED_VALUE"""),"PEDRO HENRIQUE VIANA VELOSO") | J12: =IFERROR(__xludf.DUMMYFUNCTION("""COMPUTED_VALUE"""),"Turma B1") | L12: Até 28Kg | M12: Até 38Kg | P12: =IFERROR(__xludf.DUMMYFUNCTION("""COMPUTED_VALUE"""),"LUANA SOUSA RIVA") | Q12: =IFERROR(__xludf.DUMMYFUNCTION("""COMPUTED_VALUE"""),"Turma B1") | R12: 3 | S12: Até 36Kg | T12: Até 38Kg | W12: =IFERROR(__xludf.DUMMYFUNCTION("""COMPUTED_VALUE"""),"GABRIEL MARTINS DOS SANTOS") | X12: =IFERROR(__xludf.DUMMYFUNCTION("""COMPUTED_VALUE"""),"Turma C") | Z12: Até 40Kg
A13: =IFERROR(__xludf.DUMMYFUNCTION("""COMPUTED_VALUE"""),"CLAUDIA GABRIELY CAMARGO MOREIRA") | B13: =IFERROR(__xludf.DUMMYFUNCTION("""COMPUTED_VALUE"""),"Turma D") | C13: =IFERROR(__xludf.DUMMYFUNCTION("""COMPUTED_VALUE"""),"Matutino") | D13: Veio | E13: INFANTIL | F13: FEMININO | I13: =IFERROR(__xludf.DUMMYFUNCTION("""COMPUTED_VALUE"""),"PIETRO HENRIQUE OLIVEIRA JACOMINO") | J13: =IFERROR(__xludf.DUMMYFUNCTION("""COMPUTED_VALUE"""),"Turma A") | K13: 3 | L13: Até 28Kg | M13: Acima de 38Kg | P13: =IFERROR(__xludf.DUMMYFUNCTION("""COMPUTED_VALUE"""),"MARIA EDUARDA SOBREIRO DA SILVA") | Q13: =IFERROR(__xludf.DUMMYFUNCTION("""COMPUTED_VALUE"""),"Turma B1") | S13: Até 32Kg | T13: Acima de 38Kg | W13: =IFERROR(__xludf.DUMMYFUNCTION("""COMPUTED_VALUE"""),"Henrique Rocha Almeida") | X13: =IFERROR(__xludf.DUMMYFUNCTION("""COMPUTED_VALUE"""),"Turma D") | Z13: Acima de 45Kg
A14: =IFERROR(__xludf.DUMMYFUNCTION("""COMPUTED_VALUE"""),"DANIEL VIEIRA MARTINS") | B14: =IFERROR(__xludf.DUMMYFUNCTION("""COMPUTED_VALUE"""),"Turma B1") | C14: =IFERROR(__xludf.DUMMYFUNCTION("""COMPUTED_VALUE"""),"Matutino") | D14: Veio | E14: MIRIM | F14: MASCULINO | I14: =IFERROR(__xludf.DUMMYFUNCTION("""COMPUTED_VALUE"""),"RAFAEL MENDES DA SILVA") | J14: =IFERROR(__xludf.DUMMYFUNCTION("""COMPUTED_VALUE"""),"Turma B1") | L14: Até 24Kg | P14: =IFERROR(__xludf.DUMMYFUNCTION("""COMPUTED_VALUE"""),"MARIA FERNANDA DOS SANTOS KUBOTA") | Q14: =IFERROR(__xludf.DUMMYFUNCTION("""COMPUTED_VALUE"""),"Turma B2") | S14: Até 26Kg | W14: =IFERROR(__xludf.DUMMYFUNCTION("""COMPUTED_VALUE"""),"Luis Felipe Camargo Moreira") | X14: =IFERROR(__xludf.DUMMYFUNCTION("""COMPUTED_VALUE"""),"Turma D") | Z14: Até 45Kg
A15: =IFERROR(__xludf.DUMMYFUNCTION("""COMPUTED_VALUE"""),"Danielly Hilary Almeida Martins") | B15: =IFERROR(__xludf.DUMMYFUNCTION("""COMPUTED_VALUE"""),"Turma D") | C15: =IFERROR(__xludf.DUMMYFUNCTION("""COMPUTED_VALUE"""),"Vespertino") | D15: Veio | E15: CADETE | F15: FEMININO | I15: =IFERROR(__xludf.DUMMYFUNCTION("""COMPUTED_VALUE"""),"VICTOR EMANUEL ALMEIDA MARTINS") | J15: =IFERROR(__xludf.DUMMYFUNCTION("""COMPUTED_VALUE"""),"Turma B1") | K15: 3 | P15: =IFERROR(__xludf.DUMMYFUNCTION("""COMPUTED_VALUE"""),"NICOLLY DE PAULO DUTRA") | Q15: =IFERROR(__xludf.DUMMYFUNCTION("""COMPUTED_VALUE"""),"Turma B1") | S15: Até 36Kg | W15: =IFERROR(__xludf.DUMMYFUNCTION("""COMPUTED_VALUE"""),"PIETRO FRANCISCO GALVÃO DE JESUS") | X15: =IFERROR(__xludf.DUMMYFUNCTION("""COMPUTED_VALUE"""),"Turma D") | Z15: Até 40Kg
A16: =IFERROR(__xludf.DUMMYFUNCTION("""COMPUTED_VALUE"""),"Darlan Guilherme Sobreiro Romero Da Silva") | B16: =IFERROR(__xludf.DUMMYFUNCTION("""COMPUTED_VALUE"""),"Turma D") | C16: =IFERROR(__xludf.DUMMYFUNCTION("""COMPUTED_VALUE"""),"Vespertino") | D16: Veio | E16: INFANTIL | F16: MASCULINO | L16: Acima de 38Kg | P16: =IFERROR(__xludf.DUMMYFUNCTION("""COMPUTED_VALUE"""),"Raquel Vieira Martins") | Q16: =IFERROR(__xludf.DUMMYFUNCTION("""COMPUTED_VALUE"""),"Turma A") | S16: Até 32Kg | W16: =IFERROR(__xludf.DUMMYFUNCTION("""COMPUTED_VALUE"""),"Ruan Brayan Alcantara Monteiro") | X16: =IFERROR(__xludf.DUMMYFUNCTION("""COMPUTED_VALUE"""),"Turma D") | Z16: Até 45Kg
A17: =IFERROR(__xludf.DUMMYFUNCTION("""COMPUTED_VALUE"""),"DAVI LORENZO BARBOSA MOREIRA") | B17: =IFERROR(__xludf.DUMMYFUNCTION("""COMPUTED_VALUE"""),"Turma C") | C17: =IFERROR(__xludf.DUMMYFUNCTION("""COMPUTED_VALUE"""),"Vespertino") | D17: Veio | E17: INFANTIL | F17: MASCULINO | W17: =IFERROR(__xludf.DUMMYFUNCTION("""COMPUTED_VALUE"""),"Thalles Ramon Da Pascoa Silva") | X17: =IFERROR(__xludf.DUMMYFUNCTION("""COMPUTED_VALUE"""),"Turma D") | Z17: Até 35Kg
A18: =IFERROR(__xludf.DUMMYFUNCTION("""COMPUTED_VALUE"""),"DAVY THAYLOM OLIVEIRA DOS SANTOS") | B18: =IFERROR(__xludf.DUMMYFUNCTION("""COMPUTED_VALUE"""),"Turma A") | C18: =IFERROR(__xludf.DUMMYFUNCTION("""COMPUTED_VALUE"""),"Vespertino") | D18: Veio | E18: MIRIM | F18: MASCULINO | W18: =IFERROR(__xludf.DUMMYFUNCTION("""COMPUTED_VALUE"""),"THIAGO PAULINO PEREIRA DE ARAÚJO") | X18: =IFERROR(__xludf.DUMMYFUNCTION("""COMPUTED_VALUE"""),"Turma B1") | Z18: Até 35Kg
A19: =IFERROR(__xludf.DUMMYFUNCTION("""COMPUTED_VALUE"""),"DIEGO RENAN OLIVEIRA DA SILVA") | B19: =IFERROR(__xludf.DUMMYFUNCTION("""COMPUTED_VALUE"""),"Turma E") | C19: =IFERROR(__xludf.DUMMYFUNCTION("""COMPUTED_VALUE"""),"Vespertino") | D19: Veio | E19: CADETE | F19: MASCULINO
A20: =IFERROR(__xludf.DUMMYFUNCTION("""COMPUTED_VALUE"""),"EMILLY VICTÓRIA DO NASCIMENTO BEZERRA") | B20: =IFERROR(__xludf.DUMMYFUNCTION("""COMPUTED_VALUE"""),"Turma B2") | C20: =IFERROR(__xludf.DUMMYFUNCTION("""COMPUTED_VALUE"""),"Vespertino") | D20: Veio | E20: INFANTIL | F20: FEMININO
A21: =IFERROR(__xludf.DUMMYFUNCTION("""COMPUTED_VALUE"""),"ENZO GABRIEL FERREIRA DOS SANTOS") | B21: =IFERROR(__xludf.DUMMYFUNCTION("""COMPUTED_VALUE"""),"Turma B2") | C21: =IFERROR(__xludf.DUMMYFUNCTION("""COMPUTED_VALUE"""),"Vespertino") | D21: Veio | E21: INFANTIL | F21: MASCULINO
A22: =IFERROR(__xludf.DUMMYFUNCTION("""COMPUTED_VALUE"""),"ERIK KAUAN DE SOUSA SILVA") | B22: =IFERROR(__xludf.DUMMYFUNCTION("""COMPUTED_VALUE"""),"Turma B1") | C22: =IFERROR(__xludf.DUMMYFUNCTION("""COMPUTED_VALUE"""),"Matutino") | D22: Veio | E22: MIRIM | F22: MASCULINO
A23: =IFERROR(__xludf.DUMMYFUNCTION("""COMPUTED_VALUE"""),"Estela Martins Lopes") | B23: =IFERROR(__xludf.DUMMYFUNCTION("""COMPUTED_VALUE"""),"Turma A") | C23: =IFERROR(__xludf.DUMMYFUNCTION("""COMPUTED_VALUE"""),"Matutino") | D23: Veio | E23: MIRIM | F23: FEMININO
A24: =IFERROR(__xludf.DUMMYFUNCTION("""COMPUTED_VALUE"""),"GABRIEL MARTINS DOS SANTOS") | B24: =IFERROR(__xludf.DUMMYFUNCTION("""COMPUTED_VALUE"""),"Turma C") | C24: =IFERROR(__xludf.DUMMYFUNCTION("""COMPUTED_VALUE"""),"Vespertino") | D24: Veio | E24: INFANTIL | F24: MASCULINO
A25: =IFERROR(__xludf.DUMMYFUNCTION("""COMPUTED_VALUE"""),"GUSTAVO GALVÃO DE JESUS") | B25: =IFERROR(__xludf.DUMMYFUNCTION("""COMPUTED_VALUE"""),"Turma D") | C25: =IFERROR(__xludf.DUMMYFUNCTION("""COMPUTED_VALUE"""),"Matutino") | D25: Veio | E25: CADETE | F25: MASCULINO
A26: =IFERROR(__xludf.DUMMYFUNCTION("""COMPUTED_VALUE"""),"HELLOARA SANTOS DE LIMA") | B26: =IFERROR(__xludf.DUMMYFUNCTION("""COMPUTED_VALUE"""),"Turma B2") | C26: =IFERROR(__xludf.DUMMYFUNCTION("""COMPUTED_VALUE"""),"Matutino") | D26: Veio | E26: MIRIM | F26: FEMININO
A27: =IFERROR(__xludf.DUMMYFUNCTION("""COMPUTED_VALUE"""),"Henrique Rocha Almeida") | B27: =IFERROR(__xludf.DUMMYFUNCTION("""COMPUTED_VALUE"""),"Turma D") | C27: =IFERROR(__xludf.DUMMYFUNCTION("""COMPUTED_VALUE"""),"Vespertino") | D27: Veio | E27: INFANTIL | F27: MASCULINO
A28: =IFERROR(__xludf.DUMMYFUNCTION("""COMPUTED_VALUE"""),"IARA YASMIN FERREIRA IZEL") | B28: =IFERROR(__xludf.DUMMYFUNCTION("""COMPUTED_VALUE"""),"Turma B1") | C28: =IFERROR(__xludf.DUMMYFUNCTION("""COMPUTED_VALUE"""),"Vespertino") | D28: Veio | E28: INFANTIL | F28: FEMININO
A29: =IFERROR(__xludf.DUMMYFUNCTION("""COMPUTED_VALUE"""),"JHENIFFER YASMIN MENDES MORAES") | B29: =IFERROR(__xludf.DUMMYFUNCTION("""COMPUTED_VALUE"""),"Turma A") | C29: =IFERROR(__xludf.DUMMYFUNCTION("""COMPUTED_VALUE"""),"Vespertino") | D29: Veio | E29: MIRIM | F29: FEMININO
A30: =IFERROR(__xludf.DUMMYFUNCTION("""COMPUTED_VALUE"""),"JOÃO PEDRO JESUS SOUZA") | B30: =IFERROR(__xludf.DUMMYFUNCTION("""COMPUTED_VALUE"""),"Turma E") | C30: =IFERROR(__xludf.DUMMYFUNCTION("""COMPUTED_VALUE"""),"Vespertino") | D30: Veio | E30: CADETE | F30: MASCULINO
A31: =IFERROR(__xludf.DUMMYFUNCTION("""COMPUTED_VALUE"""),"Julia Emanuelly Lavratti Oliveira") | B31: =IFERROR(__xludf.DUMMYFUNCTION("""COMPUTED_VALUE"""),"Turma A") | C31: =IFERROR(__xludf.DUMMYFUNCTION("""COMPUTED_VALUE"""),"Matutino") | D31: Veio | E31: MIRIM | F31: FEMININO
A32: =IFERROR(__xludf.DUMMYFUNCTION("""COMPUTED_VALUE"""),"Kamilly Alves De Souza") | B32: =IFERROR(__xludf.DUMMYFUNCTION("""COMPUTED_VALUE"""),"Turma A") | C32: =IFERROR(__xludf.DUMMYFUNCTION("""COMPUTED_VALUE"""),"Matutino") | D32: Veio | E32: MIRIM | F32: FEMININO
A33: =IFERROR(__xludf.DUMMYFUNCTION("""COMPUTED_VALUE"""),"Kamily Barbosa Lemes") | B33: =IFERROR(__xludf.DUMMYFUNCTION("""COMPUTED_VALUE"""),"Turma C") | C33: =IFERROR(__xludf.DUMMYFUNCTION("""COMPUTED_VALUE"""),"Matutino") | D33: Veio | E33: INFANTIL | F33: FEMININO
A34: =IFERROR(__xludf.DUMMYFUNCTION("""COMPUTED_VALUE"""),"KAUANE BARBOSA LEMES") | B34: =IFERROR(__xludf.DUMMYFUNCTION("""COMPUTED_VALUE"""),"Turma E") | C34: =IFERROR(__xludf.DUMMYFUNCTION("""COMPUTED_VALUE"""),"Vespertino") | D34: Veio | E34: CADETE | F34: FEMININO
A35: =IFERROR(__xludf.DUMMYFUNCTION("""COMPUTED_VALUE"""),"KETLEN LORRANE DO NASCIMENTO DA SILVA") | B35: =IFERROR(__xludf.DUMMYFUNCTION("""COMPUTED_VALUE"""),"Turma E") | C35: =IFERROR(__xludf.DUMMYFUNCTION("""COMPUTED_VALUE"""),"Matutino") | D35: Veio | E35: CADETE | F35: FEMININO
A36: =IFERROR(__xludf.DUMMYFUNCTION("""COMPUTED_VALUE"""),"Lorena De Paiva Leite") | B36: =IFERROR(__xludf.DUMMYFUNCTION("""COMPUTED_VALUE"""),"Turma D") | C36: =IFERROR(__xludf.DUMMYFUNCTION("""COMPUTED_VALUE"""),"Vespertino") | D36: Veio | E36: CADETE | F36: FEMININO
A37: =IFERROR(__xludf.DUMMYFUNCTION("""COMPUTED_VALUE"""),"LUANA SOUSA RIVA") | B37: =IFERROR(__xludf.DUMMYFUNCTION("""COMPUTED_VALUE"""),"Turma B1") | C37: =IFERROR(__xludf.DUMMYFUNCTION("""COMPUTED_VALUE"""),"Matutino") | D37: Veio | E37: MIRIM | F37: FEMININO
A38: =IFERROR(__xludf.DUMMYFUNCTION("""COMPUTED_VALUE"""),"Luis Felipe Camargo Moreira") | B38: =IFERROR(__xludf.DUMMYFUNCTION("""COMPUTED_VALUE"""),"Turma D") | C38: =IFERROR(__xludf.DUMMYFUNCTION("""COMPUTED_VALUE"""),"Vespertino") | D38: Veio | E38: INFANTIL | F38: MASCULINO
A39: =IFERROR(__xludf.DUMMYFUNCTION("""COMPUTED_VALUE"""),"LUIZ FELIPE POLICARPO DOS SANTOS") | B39: =IFERROR(__xludf.DUMMYFUNCTION("""COMPUTED_VALUE"""),"Turma A") | C39: =IFERROR(__xludf.DUMMYFUNCTION("""COMPUTED_VALUE"""),"Vespertino") | D39: Veio | E39: MIRIM | F39: MASCULINO
A40: =IFERROR(__xludf.DUMMYFUNCTION("""COMPUTED_VALUE"""),"MARCOS ANTÔNIO TRINDADE DA SILVA") | B40: =IFERROR(__xludf.DUMMYFUNCTION("""COMPUTED_VALUE"""),"Turma B1") | C40: =IFERROR(__xludf.DUMMYFUNCTION("""COMPUTED_VALUE"""),"Vespertino") | D40: Veio | E40: MIRIM | F40: MASCULINO
A41: =IFERROR(__xludf.DUMMYFUNCTION("""COMPUTED_VALUE"""),"MARIA EDUARDA SOBREIRO DA SILVA") | B41: =IFERROR(__xludf.DUMMYFUNCTION("""COMPUTED_VALUE"""),"Turma B1") | C41: =IFERROR(__xludf.DUMMYFUNCTION("""COMPUTED_VALUE"""),"Vespertino") | D41: Veio | E41: MIRIM | F41: FEMININO
A42: =IFERROR(__xludf.DUMMYFUNCTION("""COMPUTED_VALUE"""),"MARIA FERNANDA DOS SANTOS KUBOTA") | B42: =IFERROR(__xludf.DUMMYFUNCTION("""COMPUTED_VALUE"""),"Turma B2") | C42: =IFERROR(__xludf.DUMMYFUNCTION("""COMPUTED_VALUE"""),"Matutino") | D42: Veio | E42: MIRIM | F42: FEMININO
A43: =IFERROR(__xludf.DUMMYFUNCTION("""COMPUTED_VALUE"""),"Mariah Sophia Sales Aniceto") | B43: =IFERROR(__xludf.DUMMYFUNCTION("""COMPUTED_VALUE"""),"Turma D") | C43: =IFERROR(__xludf.DUMMYFUNCTION("""COMPUTED_VALUE"""),"Vespertino") | D43: Veio | E43: CADETE | F43: FEMININO
A44: =IFERROR(__xludf.DUMMYFUNCTION("""COMPUTED_VALUE"""),"MAYLON SANTANA GARCIA") | B44: =IFERROR(__xludf.DUMMYFUNCTION("""COMPUTED_VALUE"""),"Turma B1") | C44: =IFERROR(__xludf.DUMMYFUNCTION("""COMPUTED_VALUE"""),"Vespertino") | D44: Não Veio | E44: MIRIM | F44: MASCULINO
A45: =IFERROR(__xludf.DUMMYFUNCTION("""COMPUTED_VALUE"""),"MIGUEL AUGUSTO DE LIMA TRINDADE") | B45: =IFERROR(__xludf.DUMMYFUNCTION("""COMPUTED_VALUE"""),"Turma B1") | C45: =IFERROR(__xludf.DUMMYFUNCTION("""COMPUTED_VALUE"""),"Vespertino") | D45: Veio | E45: MIRIM | F45: MASCULINO
A46: =IFERROR(__xludf.DUMMYFUNCTION("""COMPUTED_VALUE"""),"MIGUEL NYKOLAS DUTRA ALMEIDA") | B46: =IFERROR(__xludf.DUMMYFUNCTION("""COMPUTED_VALUE"""),"Turma B1") | C46: =IFERROR(__xludf.DUMMYFUNCTION("""COMPUTED_VALUE"""),"Vespertino") | D46: Veio | E46: MIRIM | F46: MASCULINO
A47: =IFERROR(__xludf.DUMMYFUNCTION("""COMPUTED_VALUE"""),"Nicolas Araújo De Souza") | B47: =IFERROR(__xludf.DUMMYFUNCTION("""COMPUTED_VALUE"""),"Turma D") | C47: =IFERROR(__xludf.DUMMYFUNCTION("""COMPUTED_VALUE"""),"Vespertino") | D47: Veio | E47: CADETE | F47: MASCULINO
A48: =IFERROR(__xludf.DUMMYFUNCTION("""COMPUTED_VALUE"""),"NICOLAS GABRIEL OLIVEIRA BASTIDA") | B48: =IFERROR(__xludf.DUMMYFUNCTION("""COMPUTED_VALUE"""),"Turma E") | C48: =IFERROR(__xludf.DUMMYFUNCTION("""COMPUTED_VALUE"""),"Vespertino") | D48: Não Veio | E48: CADETE | F48: MASCULINO
A49: =IFERROR(__xludf.DUMMYFUNCTION("""COMPUTED_VALUE"""),"NICOLLY DE PAULO DUTRA") | B49: =IFERROR(__xludf.DUMMYFUNCTION("""COMPUTED_VALUE"""),"Turma B1") | C49: =IFERROR(__xludf.DUMMYFUNCTION("""COMPUTED_VALUE"""),"Vespertino") | D49: Veio | E49: MIRIM | F49: FEMININO
A50: =IFERROR(__xludf.DUMMYFUNCTION("""COMPUTED_VALUE"""),"PEDRO HENRIQUE VIANA VELOSO") | B50: =IFERROR(__xludf.DUMMYFUNCTION("""COMPUTED_VALUE"""),"Turma B1") | C50: =IFERROR(__xludf.DUMMYFUNCTION("""COMPUTED_VALUE"""),"Matutino") | D50: Veio | E50: MIRIM | F50: MASCULINO
A51: =IFERROR(__xludf.DUMMYFUNCTION("""COMPUTED_VALUE"""),"PIETRO FRANCISCO GALVÃO DE JESUS") | B51: =IFERROR(__xludf.DUMMYFUNCTION("""COMPUTED_VALUE"""),"Turma D") | C51: =IFERROR(__xludf.DUMMYFUNCTION("""COMPUTED_VALUE"""),"Matutino") | D51: Veio | E51: INFANTIL | F51: MASCULINO
A52: =IFERROR(__xludf.DUMMYFUNCTION("""COMPUTED_VALUE"""),"PIETRO HENRIQUE OLIVEIRA JACOMINO") | B52: =IFERROR(__xludf.DUMMYFUNCTION("""COMPUTED_VALUE"""),"Turma A") | C52: =IFERROR(__xludf.DUMMYFUNCTION("""COMPUTED_VALUE"""),"Vespertino") | D52: Veio | E52: MIRIM | F52: MASCULINO
A53: =IFERROR(__xludf.DUMMYFUNCTION("""COMPUTED_VALUE"""),"RAFAEL MENDES DA SILVA") | B53: =IFERROR(__xludf.DUMMYFUNCTION("""COMPUTED_VALUE"""),"Turma B1") | C53: =IFERROR(__xludf.DUMMYFUNCTION("""COMPUTED_VALUE"""),"Vespertino") | D53: Veio | E53: MIRIM | F53: MASCULINO
A54: =IFERROR(__xludf.DUMMYFUNCTION("""COMPUTED_VALUE"""),"Raquel Vieira Martins") | B54: =IFERROR(__xludf.DUMMYFUNCTION("""COMPUTED_VALUE"""),"Turma A") | C54: =IFERROR(__xludf.DUMMYFUNCTION("""COMPUTED_VALUE"""),"Matutino") | D54: Veio | E54: MIRIM | F54: FEMININO
A55: =IFERROR(__xludf.DUMMYFUNCTION("""COMPUTED_VALUE"""),"Ruan Brayan Alcantara Monteiro") | B55: =IFERROR(__xludf.DUMMYFUNCTION("""COMPUTED_VALUE"""),"Turma D") | C55: =IFERROR(__xludf.DUMMYFUNCTION("""COMPUTED_VALUE"""),"Vespertino") | D55: Veio | E55: INFANTIL | F55: MASCULINO
A56: =IFERROR(__xludf.DUMMYFUNCTION("""COMPUTED_VALUE"""),"SAMUEL JUNIOR VERDAN FRANCISCO") | B56: =IFERROR(__xludf.DUMMYFUNCTION("""COMPUTED_VALUE"""),"Turma D") | C56: =IFERROR(__xludf.DUMMYFUNCTION("""COMPUTED_VALUE"""),"Matutino") | D56: Veio | E56: CADETE | F56: MASCULINO
A57: =IFERROR(__xludf.DUMMYFUNCTION("""COMPUTED_VALUE"""),"Thalles Ramon Da Pascoa Silva") | B57: =IFERROR(__xludf.DUMMYFUNCTION("""COMPUTED_VALUE"""),"Turma D") | C57: =IFERROR(__xludf.DUMMYFUNCTION("""COMPUTED_VALUE"""),"Vespertino") | D57: Veio | E57: INFANTIL | F57: MASCULINO
A58: =IFERROR(__xludf.DUMMYFUNCTION("""COMPUTED_VALUE"""),"THIAGO PAULINO PEREIRA DE ARAÚJO") | B58: =IFERROR(__xludf.DUMMYFUNCTION("""COMPUTED_VALUE"""),"Turma B1") | C58: =IFERROR(__xludf.DUMMYFUNCTION("""COMPUTED_VALUE"""),"Vespertino") | D58: Veio | E58: INFANTIL | F58: MASCULINO
A59: =IFERROR(__xludf.DUMMYFUNCTION("""COMPUTED_VALUE"""),"Valdenira Silva Do Nascimento") | B59: =IFERROR(__xludf.DUMMYFUNCTION("""COMPUTED_VALUE"""),"Turma D") | C59: =IFERROR(__xludf.DUMMYFUNCTION("""COMPUTED_VALUE"""),"Vespertino") | D59: Veio | E59: CADETE | F59: FEMININO
A60: =IFERROR(__xludf.DUMMYFUNCTION("""COMPUTED_VALUE"""),"VICTOR EMANUEL ALMEIDA MARTINS") | B60: =IFERROR(__xludf.DUMMYFUNCTION("""COMPUTED_VALUE"""),"Turma B1") | C60: =IFERROR(__xludf.DUMMYFUNCTION("""COMPUTED_VALUE"""),"Vespertino") | D60: Veio | E60: MIRIM | F60: MASCULINO
A61: =IFERROR(__xludf.DUMMYFUNCTION("""COMPUTED_VALUE"""),"WEVERTON LEONARDO VIEIRA MARTINS") | B61: =IFERROR(__xludf.DUMMYFUNCTION("""COMPUTED_VALUE"""),"Turma D") | C61: =IFERROR(__xludf.DUMMYFUNCTION("""COMPUTED_VALUE"""),"Matutino") | D61: Veio | E61: CADETE | F61: MASCULINO
A62: =IFERROR(__xludf.DUMMYFUNCTION("""COMPUTED_VALUE"""),"YASMYN THAUANY ALCANTARA MONTEIRO") | B62: =IFERROR(__xludf.DUMMYFUNCTION("""COMPUTED_VALUE"""),"Turma D") | C62: =IFERROR(__xludf.DUMMYFUNCTION("""COMPUTED_VALUE"""),"Matutino") | D62: Veio | E62: CADETE | F62: FEMININO
D63: Veio | E63: INFANTIL | F63: FEMININO
D64: Veio | E64: MIRIM | F64: MASCULINO
D65: Veio | E65: MIRIM | F65: MASCULINO

Sheet Individual Ginastica
A1: Competidores | B1: Turma | C1: Período | D1: Presente | E1: Categoria | G1: PRÉ-INFANTIL | K1: INFANTIL | O1: JUVENIL | S1: ADULTO
A2: =IFERROR(__xludf.DUMMYFUNCTION("FILTER(Alunos!A:A, Alunos!$K:$K = ""Participa"")"),"AGATA LORRAINE ARAÚJO DA COSTA") | B2: =IFERROR(__xludf.DUMMYFUNCTION("FILTER(Alunos!B:B, Alunos!$K:$K = ""Participa"")"),"Turma A") | C2: =IFERROR(__xludf.DUMMYFUNCTION("FILTER(Alunos!C:C, Alunos!$K:$K = ""Participa"")"),"Vespertino") | D2: Veio | E2: ADULTO | G2: MÃOS LIVRES | K2: BOLA | O2: BOLA | S2: ARCO
A3: =IFERROR(__xludf.DUMMYFUNCTION("""COMPUTED_VALUE"""),"Ágatha Sophhie Da Silva Basílio") | B3: =IFERROR(__xludf.DUMMYFUNCTION("""COMPUTED_VALUE"""),"Turma A") | C3: =IFERROR(__xludf.DUMMYFUNCTION("""COMPUTED_VALUE"""),"Matutino") | D3: Veio | E3: INFANTIL | G3: COLOCAÇÃO | H3: ALUNA | I3: PONTOS | K3: COLOCAÇÃO | L3: ALUNA | M3: PONTOS | O3: COLOCAÇÃO | P3: ALUNA | Q3: PONTOS | S3: COLOCAÇÃO | T3: ALUNA | U3: PONTOS
A4: =IFERROR(__xludf.DUMMYFUNCTION("""COMPUTED_VALUE"""),"ALLANA FERREIRA DA SILVA") | B4: =IFERROR(__xludf.DUMMYFUNCTION("""COMPUTED_VALUE"""),"Turma B1") | C4: =IFERROR(__xludf.DUMMYFUNCTION("""COMPUTED_VALUE"""),"Vespertino") | D4: Veio | E4: JUVENIL | H4: =IFERROR(__xludf.DUMMYFUNCTION("FILTER($A:$A, $E:$E = ""PRÉ-INFANTIL"", $D:$D = ""Veio"")"),"ANA CLARA DE FREITAS TEIXEIRA") | L4: =IFERROR(__xludf.DUMMYFUNCTION("FILTER($A:$A, $E:$E = ""INFANTIL"", $D:$D = ""Veio"")"),"Ágatha Sophhie Da Silva Basílio") | P4: =IFERROR(__xludf.DUMMYFUNCTION("FILTER($A:$A, $E:$E = ""JUVENIL"", $D:$D = ""Veio"")"),"ALLANA FERREIRA DA SILVA") | T4: =IFERROR(__xludf.DUMMYFUNCTION("FILTER($A:$A, $E:$E = ""ADULTO"", $D:$D = ""Veio"")"),"AGATA LORRAINE ARAÚJO DA COSTA")
A5: =IFERROR(__xludf.DUMMYFUNCTION("""COMPUTED_VALUE"""),"ANA CLARA DE FREITAS TEIXEIRA") | B5: =IFERROR(__xludf.DUMMYFUNCTION("""COMPUTED_VALUE"""),"Turma GR") | C5: =IFERROR(__xludf.DUMMYFUNCTION("""COMPUTED_VALUE"""),"Vespertino") | D5: Veio | E5: PRÉ-INFANTIL | H5: =IFERROR(__xludf.DUMMYFUNCTION("""COMPUTED_VALUE"""),"Ana Vitória Santana Oliveira Da Silva") | L5: =IFERROR(__xludf.DUMMYFUNCTION("""COMPUTED_VALUE"""),"Ana Julia Da Cruz Oliveira") | P5: =IFERROR(__xludf.DUMMYFUNCTION("""COMPUTED_VALUE"""),"Daffiny De Jesus Silva") | T5: =IFERROR(__xludf.DUMMYFUNCTION("""COMPUTED_VALUE"""),"EMANUELY VITORIA BRITO DOS SANTOS")
A6: =IFERROR(__xludf.DUMMYFUNCTION("""COMPUTED_VALUE"""),"Ana Julia Da Cruz Oliveira") | B6: =IFERROR(__xludf.DUMMYFUNCTION("""COMPUTED_VALUE"""),"Turma A") | C6: =IFERROR(__xludf.DUMMYFUNCTION("""COMPUTED_VALUE"""),"Matutino") | D6: Veio | E6: INFANTIL | H6: =IFERROR(__xludf.DUMMYFUNCTION("""COMPUTED_VALUE"""),"ANNY HELOISE OLIVEIRA DA SILVA") | P6: =IFERROR(__xludf.DUMMYFUNCTION("""COMPUTED_VALUE"""),"SÂMILY PROCOPIO DA SILVA") | T6: =IFERROR(__xludf.DUMMYFUNCTION("""COMPUTED_VALUE"""),"EMILY VITÓRIA DA SILVA SANTOS")
A7: =IFERROR(__xludf.DUMMYFUNCTION("""COMPUTED_VALUE"""),"Ana Vitória Santana Oliveira Da Silva") | B7: =IFERROR(__xludf.DUMMYFUNCTION("""COMPUTED_VALUE"""),"Turma A") | C7: =IFERROR(__xludf.DUMMYFUNCTION("""COMPUTED_VALUE"""),"Matutino") | D7: Veio | E7: PRÉ-INFANTIL | H7: =IFERROR(__xludf.DUMMYFUNCTION("""COMPUTED_VALUE"""),"BEATRIZ COSTA ARAGÃO") | T7: =IFERROR(__xludf.DUMMYFUNCTION("""COMPUTED_VALUE"""),"Estela Martins Lopes")
A8: =IFERROR(__xludf.DUMMYFUNCTION("""COMPUTED_VALUE"""),"ANNY HELOISE OLIVEIRA DA SILVA") | B8: =IFERROR(__xludf.DUMMYFUNCTION("""COMPUTED_VALUE"""),"Turma B2") | C8: =IFERROR(__xludf.DUMMYFUNCTION("""COMPUTED_VALUE"""),"Vespertino") | D8: Veio | E8: PRÉ-INFANTIL | H8: =IFERROR(__xludf.DUMMYFUNCTION("""COMPUTED_VALUE"""),"EMANIELLY VITÓRIA PORTUGAL DE ALMEIDA") | T8: =IFERROR(__xludf.DUMMYFUNCTION("""COMPUTED_VALUE"""),"ESTHER PROCOPIO DA SILVA")
A9: =IFERROR(__xludf.DUMMYFUNCTION("""COMPUTED_VALUE"""),"BEATRIZ COSTA ARAGÃO") | B9: =IFERROR(__xludf.DUMMYFUNCTION("""COMPUTED_VALUE"""),"Turma GR") | C9: =IFERROR(__xludf.DUMMYFUNCTION("""COMPUTED_VALUE"""),"Vespertino") | D9: Veio | E9: PRÉ-INFANTIL | H9: =IFERROR(__xludf.DUMMYFUNCTION("""COMPUTED_VALUE"""),"VICTOR EMANUEL ALMEIDA MARTINS") | T9: =IFERROR(__xludf.DUMMYFUNCTION("""COMPUTED_VALUE"""),"HELOYSA FERNANDA ALVARENGA DOS SANTOS")
A10: =IFERROR(__xludf.DUMMYFUNCTION("""COMPUTED_VALUE"""),"Daffiny De Jesus Silva") | B10: =IFERROR(__xludf.DUMMYFUNCTION("""COMPUTED_VALUE"""),"Turma A") | C10: =IFERROR(__xludf.DUMMYFUNCTION("""COMPUTED_VALUE"""),"Matutino") | D10: Veio | E10: JUVENIL | T10: =IFERROR(__xludf.DUMMYFUNCTION("""COMPUTED_VALUE"""),"ISABELLA MIRANDA DA SILVA")
A11: =IFERROR(__xludf.DUMMYFUNCTION("""COMPUTED_VALUE"""),"EMANIELLY VITÓRIA PORTUGAL DE ALMEIDA") | B11: =IFERROR(__xludf.DUMMYFUNCTION("""COMPUTED_VALUE"""),"Turma C") | C11: =IFERROR(__xludf.DUMMYFUNCTION("""COMPUTED_VALUE"""),"Vespertino") | D11: Veio | E11: PRÉ-INFANTIL | T11: =IFERROR(__xludf.DUMMYFUNCTION("""COMPUTED_VALUE"""),"ISIS EDUARDA ALMEIDA MOITINHO")
A12: =IFERROR(__xludf.DUMMYFUNCTION("""COMPUTED_VALUE"""),"EMANUELY VITORIA BRITO DOS SANTOS") | B12: =IFERROR(__xludf.DUMMYFUNCTION("""COMPUTED_VALUE"""),"Turma A") | C12: =IFERROR(__xludf.DUMMYFUNCTION("""COMPUTED_VALUE"""),"Vespertino") | D12: Veio | E12: ADULTO | T12: =IFERROR(__xludf.DUMMYFUNCTION("""COMPUTED_VALUE"""),"JANAÍNA ARRUDA BONIN")
A13: =IFERROR(__xludf.DUMMYFUNCTION("""COMPUTED_VALUE"""),"EMILY VITÓRIA DA SILVA SANTOS") | B13: =IFERROR(__xludf.DUMMYFUNCTION("""COMPUTED_VALUE"""),"Turma GR") | C13: =IFERROR(__xludf.DUMMYFUNCTION("""COMPUTED_VALUE"""),"Vespertino") | D13: Veio | E13: ADULTO | T13: =IFERROR(__xludf.DUMMYFUNCTION("""COMPUTED_VALUE"""),"Julia Emanuelly Lavratti Oliveira")
A14: =IFERROR(__xludf.DUMMYFUNCTION("""COMPUTED_VALUE"""),"Estela Martins Lopes") | B14: =IFERROR(__xludf.DUMMYFUNCTION("""COMPUTED_VALUE"""),"Turma A") | C14: =IFERROR(__xludf.DUMMYFUNCTION("""COMPUTED_VALUE"""),"Matutino") | D14: Veio | E14: ADULTO | T14: =IFERROR(__xludf.DUMMYFUNCTION("""COMPUTED_VALUE"""),"Kamilly Alves De Souza")
A15: =IFERROR(__xludf.DUMMYFUNCTION("""COMPUTED_VALUE"""),"ESTHER PROCOPIO DA SILVA") | B15: =IFERROR(__xludf.DUMMYFUNCTION("""COMPUTED_VALUE"""),"Turma GR") | C15: =IFERROR(__xludf.DUMMYFUNCTION("""COMPUTED_VALUE"""),"Vespertino") | D15: Veio | E15: ADULTO | T15: =IFERROR(__xludf.DUMMYFUNCTION("""COMPUTED_VALUE"""),"LUANA DO NASCIMENTO FERNANDES")
A16: =IFERROR(__xludf.DUMMYFUNCTION("""COMPUTED_VALUE"""),"HELOYSA FERNANDA ALVARENGA DOS SANTOS") | B16: =IFERROR(__xludf.DUMMYFUNCTION("""COMPUTED_VALUE"""),"Turma B1") | C16: =IFERROR(__xludf.DUMMYFUNCTION("""COMPUTED_VALUE"""),"Vespertino") | D16: Veio | E16: ADULTO | T16: =IFERROR(__xludf.DUMMYFUNCTION("""COMPUTED_VALUE"""),"MARIA FERNANDA DOS SANTOS KUBOTA")
A17: =IFERROR(__xludf.DUMMYFUNCTION("""COMPUTED_VALUE"""),"ISABELLA MIRANDA DA SILVA") | B17: =IFERROR(__xludf.DUMMYFUNCTION("""COMPUTED_VALUE"""),"Turma B1") | C17: =IFERROR(__xludf.DUMMYFUNCTION("""COMPUTED_VALUE"""),"Vespertino") | D17: Veio | E17: ADULTO | T17: =IFERROR(__xludf.DUMMYFUNCTION("""COMPUTED_VALUE"""),"MARIA LUÍSA BARROS DA ROCHA")
A18: =IFERROR(__xludf.DUMMYFUNCTION("""COMPUTED_VALUE"""),"ISIS EDUARDA ALMEIDA MOITINHO") | B18: =IFERROR(__xludf.DUMMYFUNCTION("""COMPUTED_VALUE"""),"Turma A") | C18: =IFERROR(__xludf.DUMMYFUNCTION("""COMPUTED_VALUE"""),"Vespertino") | D18: Veio | E18: ADULTO | T18: =IFERROR(__xludf.DUMMYFUNCTION("""COMPUTED_VALUE"""),"Mikaela Tonete Santana")
A19: =IFERROR(__xludf.DUMMYFUNCTION("""COMPUTED_VALUE"""),"JANAÍNA ARRUDA BONIN") | B19: =IFERROR(__xludf.DUMMYFUNCTION("""COMPUTED_VALUE"""),"Turma B2") | C19: =IFERROR(__xludf.DUMMYFUNCTION("""COMPUTED_VALUE"""),"Matutino") | D19: Veio | E19: ADULTO | T19: =IFERROR(__xludf.DUMMYFUNCTION("""COMPUTED_VALUE"""),"NICOLLY DE PAULO DUTRA")
A20: =IFERROR(__xludf.DUMMYFUNCTION("""COMPUTED_VALUE"""),"Julia Emanuelly Lavratti Oliveira") | B20: =IFERROR(__xludf.DUMMYFUNCTION("""COMPUTED_VALUE"""),"Turma A") | C20: =IFERROR(__xludf.DUMMYFUNCTION("""COMPUTED_VALUE"""),"Matutino") | D20: Veio | E20: ADULTO | T20: =IFERROR(__xludf.DUMMYFUNCTION("""COMPUTED_VALUE"""),"NICOLY CAMARGO MOREIRA")
A21: =IFERROR(__xludf.DUMMYFUNCTION("""COMPUTED_VALUE"""),"Kamilly Alves De Souza") | B21: =IFERROR(__xludf.DUMMYFUNCTION("""COMPUTED_VALUE"""),"Turma A") | C21: =IFERROR(__xludf.DUMMYFUNCTION("""COMPUTED_VALUE"""),"Matutino") | D21: Veio | E21: ADULTO | T21: =IFERROR(__xludf.DUMMYFUNCTION("""COMPUTED_VALUE"""),"REBEKAH HOTTS DE SOUZA")
A22: =IFERROR(__xludf.DUMMYFUNCTION("""COMPUTED_VALUE"""),"LUANA DO NASCIMENTO FERNANDES") | B22: =IFERROR(__xludf.DUMMYFUNCTION("""COMPUTED_VALUE"""),"Turma B2") | C22: =IFERROR(__xludf.DUMMYFUNCTION("""COMPUTED_VALUE"""),"Vespertino") | D22: Veio | E22: ADULTO | T22: =IFERROR(__xludf.DUMMYFUNCTION("""COMPUTED_VALUE"""),"SOPHIA JATOBÁ DOS SANTOS")
A23: =IFERROR(__xludf.DUMMYFUNCTION("""COMPUTED_VALUE"""),"MARIA FERNANDA DOS SANTOS KUBOTA") | B23: =IFERROR(__xludf.DUMMYFUNCTION("""COMPUTED_VALUE"""),"Turma B2") | C23: =IFERROR(__xludf.DUMMYFUNCTION("""COMPUTED_VALUE"""),"Matutino") | D23: Veio | E23: ADULTO
A24: =IFERROR(__xludf.DUMMYFUNCTION("""COMPUTED_VALUE"""),"MARIA LUÍSA BARROS DA ROCHA") | B24: =IFERROR(__xludf.DUMMYFUNCTION("""COMPUTED_VALUE"""),"Turma C") | C24: =IFERROR(__xludf.DUMMYFUNCTION("""COMPUTED_VALUE"""),"Vespertino") | D24: Veio | E24: ADULTO
A25: =IFERROR(__xludf.DUMMYFUNCTION("""COMPUTED_VALUE"""),"Mikaela Tonete Santana") | B25: =IFERROR(__xludf.DUMMYFUNCTION("""COMPUTED_VALUE"""),"Turma C") | C25: =IFERROR(__xludf.DUMMYFUNCTION("""COMPUTED_VALUE"""),"Matutino") | D25: Veio | E25: ADULTO
A26: =IFERROR(__xludf.DUMMYFUNCTION("""COMPUTED_VALUE"""),"NICOLLY DE PAULO DUTRA") | B26: =IFERROR(__xludf.DUMMYFUNCTION("""COMPUTED_VALUE"""),"Turma B1") | C26: =IFERROR(__xludf.DUMMYFUNCTION("""COMPUTED_VALUE"""),"Vespertino") | D26: Veio | E26: ADULTO
A27: =IFERROR(__xludf.DUMMYFUNCTION("""COMPUTED_VALUE"""),"NICOLY CAMARGO MOREIRA") | B27: =IFERROR(__xludf.DUMMYFUNCTION("""COMPUTED_VALUE"""),"Turma B2") | C27: =IFERROR(__xludf.DUMMYFUNCTION("""COMPUTED_VALUE"""),"Matutino") | D27: Veio | E27: ADULTO
A28: =IFERROR(__xludf.DUMMYFUNCTION("""COMPUTED_VALUE"""),"REBEKAH HOTTS DE SOUZA") | B28: =IFERROR(__xludf.DUMMYFUNCTION("""COMPUTED_VALUE"""),"Turma GR") | C28: =IFERROR(__xludf.DUMMYFUNCTION("""COMPUTED_VALUE"""),"Vespertino") | D28: Veio | E28: ADULTO
A29: =IFERROR(__xludf.DUMMYFUNCTION("""COMPUTED_VALUE"""),"SÂMILY PROCOPIO DA SILVA") | B29: =IFERROR(__xludf.DUMMYFUNCTION("""COMPUTED_VALUE"""),"Turma GR") | C29: =IFERROR(__xludf.DUMMYFUNCTION("""COMPUTED_VALUE"""),"Vespertino") | D29: Veio | E29: JUVENIL
A30: =IFERROR(__xludf.DUMMYFUNCTION("""COMPUTED_VALUE"""),"SOPHIA JATOBÁ DOS SANTOS") | B30: =IFERROR(__xludf.DUMMYFUNCTION("""COMPUTED_VALUE"""),"Turma A") | C30: =IFERROR(__xludf.DUMMYFUNCTION("""COMPUTED_VALUE"""),"Vespertino") | D30: Veio | E30: ADULTO
A31: =IFERROR(__xludf.DUMMYFUNCTION("""COMPUTED_VALUE"""),"VICTOR EMANUEL ALMEIDA MARTINS") | B31: =IFERROR(__xludf.DUMMYFUNCTION("""COMPUTED_VALUE"""),"Turma B1") | C31: =IFERROR(__xludf.DUMMYFUNCTION("""COMPUTED_VALUE"""),"Vespertino") | D31: Veio | E31: PRÉ-INFANTIL

Sheet Categorias
A1: Categoria | B1: Turma | C1: Vitórias | D1: Empates | E1: Jogos Extras | F1: Atividades | G1: Grito de Guerra / Mascote / Bandeira | H1: Perdas | I1: Pontos | J1: Posição
A2: Infantil | B2: A m | C2: {=COUNTIF({Futebol!I:I; Futsal!I:I; Queimada!I:I; 'Rouba-Bandeira'!I:I}, B2)} | D2: {=SUMPRODUCT(({Futebol!I:I;Futsal!I:I;Queimada!I:I;'Rouba-Bandeira'!I:I}="Empate")*(({Futebol!H:H;Futsal!H:H;Queimada!H:H;'Rouba-Bandeira'!H:H}=$B2)+({Futebol!G:G;Futsal!G:G;Queimada!G:G;'Rouba-Bandeira'!G:G}=$B2)))} | E2: 0 | F2: Futebol Futsal Queimada Rouba-Bandeira | G2: 0 | H2: 0 | I2: =((C2*3) + (D2*1) + (E2*1) + G2) - H2 | J2: B1 m
B3: A v | C3: {=COUNTIF({Futebol!I:I; Futsal!I:I; Queimada!I:I; 'Rouba-Bandeira'!I:I}, B3)} | D3: {=SUMPRODUCT(({Futebol!I:I;Futsal!I:I;Queimada!I:I;'Rouba-Bandeira'!I:I}="Empate")*(({Futebol!H:H;Futsal!H:H;Queimada!H:H;'Rouba-Bandeira'!H:H}=$B3)+({Futebol!G:G;Futsal!G:G;Queimada!G:G;'Rouba-Bandeira'!G:G}=$B3)))} | E3: 3 | G3: 0 | H3: 1 | I3: =((C3*3) + (D3*1) + (E3*1) + G3) - H3
B4: B1 m | C4: {=COUNTIF({Futebol!I:I; Futsal!I:I; Queimada!I:I; 'Rouba-Bandeira'!I:I}, B4)} | D4: {=SUMPRODUCT(({Futebol!I:I;Futsal!I:I;Queimada!I:I;'Rouba-Bandeira'!I:I}="Empate")*(({Futebol!H:H;Futsal!H:H;Queimada!H:H;'Rouba-Bandeira'!H:H}=$B4)+({Futebol!G:G;Futsal!G:G;Queimada!G:G;'Rouba-Bandeira'!G:G}=$B4)))} | E4: 0 | G4: 3 | H4: 1 | I4: =((C4*3) + (D4*1) + (E4*1) + G4) - H4
B5: B1 v | C5: {=COUNTIF({Futebol!I:I; Futsal!I:I; Queimada!I:I; 'Rouba-Bandeira'!I:I}, B5)} | D5: {=SUMPRODUCT(({Futebol!I:I;Futsal!I:I;Queimada!I:I;'Rouba-Bandeira'!I:I}="Empate")*(({Futebol!H:H;Futsal!H:H;Queimada!H:H;'Rouba-Bandeira'!H:H}=$B5)+({Futebol!G:G;Futsal!G:G;Queimada!G:G;'Rouba-Bandeira'!G:G}=$B5)))} | E5: 0 | G5: 0 | H5: 1 | I5: =((C5*3) + (D5*1) + (E5*1) + G5) - H5
B6: B2 m | C6: {=COUNTIF({Futebol!I:I; Futsal!I:I; Queimada!I:I; 'Rouba-Bandeira'!I:I}, B6)} | D6: {=SUMPRODUCT(({Futebol!I:I;Futsal!I:I;Queimada!I:I;'Rouba-Bandeira'!I:I}="Empate")*(({Futebol!H:H;Futsal!H:H;Queimada!H:H;'Rouba-Bandeira'!H:H}=$B6)+({Futebol!G:G;Futsal!G:G;Queimada!G:G;'Rouba-Bandeira'!G:G}=$B6)))} | E6: 0 | G6: 0 | H6: 1 | I6: =((C6*3) + (D6*1) + (E6*1) + G6) - H6
A8: Juvenil | B8: B2 v | C8: {=COUNTIF({Futebol!I:I; Futsal!I:I; Queimada!I:I; 'Rouba-Bandeira'!I:I;Basquete!I:I}, B8)} | D8: {=SUMPRODUCT(({Futebol!I:I;Futsal!I:I;Queimada!I:I;'Rouba-Bandeira'!I:I;Basquete!I:I}="Empate")*(({Futebol!H:H;Futsal!H:H;Queimada!H:H;'Rouba-Bandeira'!H:H;Basquete!H:H}=$B8)+({Futebol!G:G;Futsal!G:G;Queimada!G:G;'Rouba-Bandeira'!G:G;Basquete!G:G}=$B8)))} | E8: 0 | F8: Futebol Futsal Queimada Rouba-Bandeira Basquete | G8: 0 | H8: 1 | I8: =((C8*3) + (D8*1) + (E8*1) + G8) - H8 | J8: D v
B9: C m | C9: {=COUNTIF({Futebol!I:I; Futsal!I:I; Queimada!I:I; 'Rouba-Bandeira'!I:I;Basquete!I:I}, B9)} | D9: {=SUMPRODUCT(({Futebol!I:I;Futsal!I:I;Queimada!I:I;'Rouba-Bandeira'!I:I;Basquete!I:I}="Empate")*(({Futebol!H:H;Futsal!H:H;Queimada!H:H;'Rouba-Bandeira'!H:H;Basquete!H:H}=$B9)+({Futebol!G:G;Futsal!G:G;Queimada!G:G;'Rouba-Bandeira'!G:G;Basquete!G:G}=$B9)))} | E9: 0 | G9: 0 | H9: 5 | I9: =((C9*3) + (D9*1) + (E9*1) + G9) - H9
B10: C v | C10: {=COUNTIF({Futebol!I:I; Futsal!I:I; Queimada!I:I; 'Rouba-Bandeira'!I:I;Basquete!I:I}, B10)} | D10: {=SUMPRODUCT(({Futebol!I:I;Futsal!I:I;Queimada!I:I;'Rouba-Bandeira'!I:I;Basquete!I:I}="Empate")*(({Futebol!H:H;Futsal!H:H;Queimada!H:H;'Rouba-Bandeira'!H:H;Basquete!H:H}=$B10)+({Futebol!G:G;Futsal!G:G;Queimada!G:G;'Rouba-Bandeira'!G:G;Basquete!G:G}=$B10)))} | E10: 0 | G10: 3 | H10: 1 | I10: =((C10*3) + (D10*1) + (E10*1) + G10) - H10
B11: D m | C11: {=COUNTIF({Futebol!I:I; Futsal!I:I; Queimada!I:I; 'Rouba-Bandeira'!I:I;Basquete!I:I}, B11)} | D11: {=SUMPRODUCT(({Futebol!I:I;Futsal!I:I;Queimada!I:I;'Rouba-Bandeira'!I:I;Basquete!I:I}="Empate")*(({Futebol!H:H;Futsal!H:H;Queimada!H:H;'Rouba-Bandeira'!H:H;Basquete!H:H}=$B11)+({Futebol!G:G;Futsal!G:G;Queimada!G:G;'Rouba-Bandeira'!G:G;Basquete!G:G}=$B11)))} | E11: 1 | G11: 0 | H11: 12 | I11: =((C11*3) + (D11*1) + (E11*1) + G11) - H11
B12: D v | C12: {=COUNTIF({Futebol!I:I; Futsal!I:I; Queimada!I:I; 'Rouba-Bandeira'!I:I;Basquete!I:I}, B12)} | D12: {=SUMPRODUCT(({Futebol!I:I;Futsal!I:I;Queimada!I:I;'Rouba-Bandeira'!I:I;Basquete!I:I}="Empate")*(({Futebol!H:H;Futsal!H:H;Queimada!H:H;'Rouba-Bandeira'!H:H;Basquete!H:H}=$B12)+({Futebol!G:G;Futsal!G:G;Queimada!G:G;'Rouba-Bandeira'!G:G;Basquete!G:G}=$B12)))} | E12: 1 | G12: 0 | H12: 4 | I12: =((C12*3) + (D12*1) + (E12*1) + G12) - H12
A14: Júnior | B14: E m | C14: {=COUNTIF({Futebol!I:I; Futsal!I:I; Queimada!I:I; 'Rouba-Bandeira'!I:I;Basquete!I:I;'Volêi'!I:I}, B14)} | D14: {=SUMPRODUCT(({Futebol!I:I;Futsal!I:I;Queimada!I:I;'Rouba-Bandeira'!I:I;Basquete!I:I;'Volêi'!I:I}="Empate")*(({Futebol!H:H;Futsal!H:H;Queimada!H:H;'Rouba-Bandeira'!H:H;Basquete!H:H;'Volêi'!H:H}=$B14)+({Futebol!G:G;Futsal!G:G;Queimada!G:G;'Rouba-Bandeira'!G:G;Basquete!G:G;'Volêi'!G:G}=$B14)))} | E14: 0 | F14: Futebol Futsal Queimada Rouba-Bandeira Basquete Vôlei | G14: 0 | H14: 1 | I14: =((C14*3) + (D14*1) + (E14*1) + G14) - H14 | J14: E m
B15: E v | C15: {=COUNTIF({Futebol!I:I; Futsal!I:I; Queimada!I:I; 'Rouba-Bandeira'!I:I;Basquete!I:I;'Volêi'!I:I}, B15)} | D15: {=SUMPRODUCT(({Futebol!I:I;Futsal!I:I;Queimada!I:I;'Rouba-Bandeira'!I:I;Basquete!I:I;'Volêi'!I:I}="Empate")*(({Futebol!H:H;Futsal!H:H;Queimada!H:H;'Rouba-Bandeira'!H:H;Basquete!H:H;'Volêi'!H:H}=$B15)+({Futebol!G:G;Futsal!G:G;Queimada!G:G;'Rouba-Bandeira'!G:G;Basquete!G:G;'Volêi'!G:G}=$B15)))} | E15: 3 | G15: 0 | H15: 1 | I15: =((C15*3) + (D15*1) + (E15*1) + G15) - H15
B16: GR | C16: {=COUNTIF({Futebol!I:I; Futsal!I:I; Queimada!I:I; 'Rouba-Bandeira'!I:I;Basquete!I:I;'Volêi'!I:I}, B16)} | D16: {=SUMPRODUCT(({Futebol!I:I;Futsal!I:I;Queimada!I:I;'Rouba-Bandeira'!I:I;Basquete!I:I;'Volêi'!I:I}="Empate")*(({Futebol!H:H;Futsal!H:H;Queimada!H:H;'Rouba-Bandeira'!H:H;Basquete!H:H;'Volêi'!H:H}=$B16)+({Futebol!G:G;Futsal!G:G;Queimada!G:G;'Rouba-Bandeira'!G:G;Basquete!G:G;'Volêi'!G:G}=$B16)))} | E16: 0 | G16: 3 | H16: 2 | I16: =((C16*3) + (D16*1) + (E16*1) + G16) - H16

Sheet Futebol
A1: Competidores | B1: Turma | C1: Período | D1: Presente | F1: CONFRONTOS
A2: =IFERROR(__xludf.DUMMYFUNCTION("FILTER(Alunos!A:A, Alunos!$D:$D = ""Participa"")"),"ADILSON EVÊNCIO DA SILVA JUNIOR") | B2: =IFERROR(__xludf.DUMMYFUNCTION("FILTER(Alunos!B:B, Alunos!$D:$D = ""Participa"")"),"Turma E") | C2: =IFERROR(__xludf.DUMMYFUNCTION("FILTER(Alunos!C:C, Alunos!$D:$D = ""Participa"")"),"Matutino") | D2: Veio | F2: Categoria | G2: Turmas | I2: Resultados
A3: =IFERROR(__xludf.DUMMYFUNCTION("""COMPUTED_VALUE"""),"ALIPHER GABRIEL LOPES FERREIRA") | B3: =IFERROR(__xludf.DUMMYFUNCTION("""COMPUTED_VALUE"""),"Turma B2") | C3: =IFERROR(__xludf.DUMMYFUNCTION("""COMPUTED_VALUE"""),"Vespertino") | D3: Não Veio | F3: Infantil | G3: A v | H3: B2 m | I3: A v
A4: =IFERROR(__xludf.DUMMYFUNCTION("""COMPUTED_VALUE"""),"ALLAN ALVES RIBEIRO") | B4: =IFERROR(__xludf.DUMMYFUNCTION("""COMPUTED_VALUE"""),"Turma E") | C4: =IFERROR(__xludf.DUMMYFUNCTION("""COMPUTED_VALUE"""),"Vespertino") | D4: Veio | G4: B1 m | H4: B1 v | I4: B1 m
A5: =IFERROR(__xludf.DUMMYFUNCTION("""COMPUTED_VALUE"""),"Allana Gonçalves Da Silva") | B5: =IFERROR(__xludf.DUMMYFUNCTION("""COMPUTED_VALUE"""),"Turma C") | C5: =IFERROR(__xludf.DUMMYFUNCTION("""COMPUTED_VALUE"""),"Matutino") | D5: Veio | G5: A m | H5: B2 m | I5: A m
A6: =IFERROR(__xludf.DUMMYFUNCTION("""COMPUTED_VALUE"""),"ANA CLARA DE FREITAS TEIXEIRA") | B6: =IFERROR(__xludf.DUMMYFUNCTION("""COMPUTED_VALUE"""),"Turma GR") | C6: =IFERROR(__xludf.DUMMYFUNCTION("""COMPUTED_VALUE"""),"Vespertino") | D6: Veio | G6: A v | H6: B1 m | I6: B1 m
A7: =IFERROR(__xludf.DUMMYFUNCTION("""COMPUTED_VALUE"""),"ANA CRISTINA SOUZA LOBAK") | B7: =IFERROR(__xludf.DUMMYFUNCTION("""COMPUTED_VALUE"""),"Turma E") | C7: =IFERROR(__xludf.DUMMYFUNCTION("""COMPUTED_VALUE"""),"Vespertino") | D7: Veio | G7: A m | H7: B1 v | I7: B1 v
A8: =IFERROR(__xludf.DUMMYFUNCTION("""COMPUTED_VALUE"""),"Ana Julia Da Cruz Oliveira") | B8: =IFERROR(__xludf.DUMMYFUNCTION("""COMPUTED_VALUE"""),"Turma A") | C8: =IFERROR(__xludf.DUMMYFUNCTION("""COMPUTED_VALUE"""),"Matutino") | D8: Veio | G8: B2 m | H8: B1 m | I8: B1 m
A9: =IFERROR(__xludf.DUMMYFUNCTION("""COMPUTED_VALUE"""),"ANA LUIZA DA SILVA BORGES") | B9: =IFERROR(__xludf.DUMMYFUNCTION("""COMPUTED_VALUE"""),"Turma E") | C9: =IFERROR(__xludf.DUMMYFUNCTION("""COMPUTED_VALUE"""),"Matutino") | D9: Veio | G9: A m | H9: B1 m | I9: B1 m
A10: =IFERROR(__xludf.DUMMYFUNCTION("""COMPUTED_VALUE"""),"Ana Vitória Santana Oliveira Da Silva") | B10: =IFERROR(__xludf.DUMMYFUNCTION("""COMPUTED_VALUE"""),"Turma A") | C10: =IFERROR(__xludf.DUMMYFUNCTION("""COMPUTED_VALUE"""),"Matutino") | D10: Veio | G10: B1 v | H10: A v | I10: B1 v
A11: =IFERROR(__xludf.DUMMYFUNCTION("""COMPUTED_VALUE"""),"Andressa Campos De Barros") | B11: =IFERROR(__xludf.DUMMYFUNCTION("""COMPUTED_VALUE"""),"Turma D") | C11: =IFERROR(__xludf.DUMMYFUNCTION("""COMPUTED_VALUE"""),"Vespertino") | D11: Veio | G11: A m | H11: A v | I11: A v
A12: =IFERROR(__xludf.DUMMYFUNCTION("""COMPUTED_VALUE"""),"ANNY HELOISE OLIVEIRA DA SILVA") | B12: =IFERROR(__xludf.DUMMYFUNCTION("""COMPUTED_VALUE"""),"Turma B2") | C12: =IFERROR(__xludf.DUMMYFUNCTION("""COMPUTED_VALUE"""),"Vespertino") | D12: Veio | G12: B1 v | H12: B2 m | I12: B1 v
A13: =IFERROR(__xludf.DUMMYFUNCTION("""COMPUTED_VALUE"""),"AQUIRIZ ARAUJO DE FREITAS") | B13: =IFERROR(__xludf.DUMMYFUNCTION("""COMPUTED_VALUE"""),"Turma C") | C13: =IFERROR(__xludf.DUMMYFUNCTION("""COMPUTED_VALUE"""),"Vespertino") | D13: Veio | F13: Juvenil | G13: C m | H13: D v | I13: D v
A14: =IFERROR(__xludf.DUMMYFUNCTION("""COMPUTED_VALUE"""),"ARTHUR ALMEIDA JATOBÁ") | B14: =IFERROR(__xludf.DUMMYFUNCTION("""COMPUTED_VALUE"""),"Turma B2") | C14: =IFERROR(__xludf.DUMMYFUNCTION("""COMPUTED_VALUE"""),"Matutino") | D14: Veio | G14: C v | H14: D m | I14: D m
A15: =IFERROR(__xludf.DUMMYFUNCTION("""COMPUTED_VALUE"""),"ARTHUR FERREIRA NAPOLEÃO") | B15: =IFERROR(__xludf.DUMMYFUNCTION("""COMPUTED_VALUE"""),"Turma D") | C15: =IFERROR(__xludf.DUMMYFUNCTION("""COMPUTED_VALUE"""),"Matutino") | D15: Veio | G15: B2 v | H15: D v | I15: D v
A16: =IFERROR(__xludf.DUMMYFUNCTION("""COMPUTED_VALUE"""),"ARTHUR LOPES RODRIGUES NEVES") | B16: =IFERROR(__xludf.DUMMYFUNCTION("""COMPUTED_VALUE"""),"Turma B2") | C16: =IFERROR(__xludf.DUMMYFUNCTION("""COMPUTED_VALUE"""),"Vespertino") | D16: Veio | G16: C m | H16: C v | I16: C v
A17: =IFERROR(__xludf.DUMMYFUNCTION("""COMPUTED_VALUE"""),"ARTHUR SANTANA BARBOSA") | B17: =IFERROR(__xludf.DUMMYFUNCTION("""COMPUTED_VALUE"""),"Turma A") | C17: =IFERROR(__xludf.DUMMYFUNCTION("""COMPUTED_VALUE"""),"Vespertino") | D17: Veio | G17: B2 v | H17: D m | I17: D m
A18: =IFERROR(__xludf.DUMMYFUNCTION("""COMPUTED_VALUE"""),"ASAPH GABRIEL SALES ANICETO") | B18: =IFERROR(__xludf.DUMMYFUNCTION("""COMPUTED_VALUE"""),"Turma B2") | C18: =IFERROR(__xludf.DUMMYFUNCTION("""COMPUTED_VALUE"""),"Matutino") | D18: Veio | G18: D v | H18: C v | I18: D v
A19: =IFERROR(__xludf.DUMMYFUNCTION("""COMPUTED_VALUE"""),"Breno Henrique Germano Dos Santos") | B19: =IFERROR(__xludf.DUMMYFUNCTION("""COMPUTED_VALUE"""),"Turma C") | C19: =IFERROR(__xludf.DUMMYFUNCTION("""COMPUTED_VALUE"""),"Matutino") | D19: Veio | G19: B2 v | H19: C v | I19: Empate
A20: =IFERROR(__xludf.DUMMYFUNCTION("""COMPUTED_VALUE"""),"CAIO RUAN GERÔNIMO OLIVEIRA") | B20: =IFERROR(__xludf.DUMMYFUNCTION("""COMPUTED_VALUE"""),"Turma E") | C20: =IFERROR(__xludf.DUMMYFUNCTION("""COMPUTED_VALUE"""),"Matutino") | D20: Veio | G20: D m | H20: C m | I20: D m
A21: =IFERROR(__xludf.DUMMYFUNCTION("""COMPUTED_VALUE"""),"CAIO SOUZA PRÓCÓPIO DA SILVA") | B21: =IFERROR(__xludf.DUMMYFUNCTION("""COMPUTED_VALUE"""),"Turma E") | C21: =IFERROR(__xludf.DUMMYFUNCTION("""COMPUTED_VALUE"""),"Matutino") | D21: Veio | G21: B2 v | H21: C m | I21: Empate
A22: =IFERROR(__xludf.DUMMYFUNCTION("""COMPUTED_VALUE"""),"CARLOS DANIEL BARROSO FERREIRA") | B22: =IFERROR(__xludf.DUMMYFUNCTION("""COMPUTED_VALUE"""),"Turma C") | C22: =IFERROR(__xludf.DUMMYFUNCTION("""COMPUTED_VALUE"""),"Vespertino") | D22: Veio | G22: D m | H22: D v | I22: Empate
A23: =IFERROR(__xludf.DUMMYFUNCTION("""COMPUTED_VALUE"""),"Carlos Eduardo De Souza") | B23: =IFERROR(__xludf.DUMMYFUNCTION("""COMPUTED_VALUE"""),"Turma D") | C23: =IFERROR(__xludf.DUMMYFUNCTION("""COMPUTED_VALUE"""),"Vespertino") | D23: Veio | F23: Júnior | G23: E m | H23: E v | I23: E m
A24: =IFERROR(__xludf.DUMMYFUNCTION("""COMPUTED_VALUE"""),"CARLOS EDUARDO GENUINO DE ALENCAR") | B24: =IFERROR(__xludf.DUMMYFUNCTION("""COMPUTED_VALUE"""),"Turma C") | C24: =IFERROR(__xludf.DUMMYFUNCTION("""COMPUTED_VALUE"""),"Vespertino") | D24: Veio | G24: GR | H24: E m | I24: Empate
A25: =IFERROR(__xludf.DUMMYFUNCTION("""COMPUTED_VALUE"""),"CAUÃ SOUZA PROCÓPIO DA SILVA") | B25: =IFERROR(__xludf.DUMMYFUNCTION("""COMPUTED_VALUE"""),"Turma A") | C25: =IFERROR(__xludf.DUMMYFUNCTION("""COMPUTED_VALUE"""),"Vespertino") | D25: Veio | G25: E v | H25: GR | I25: E v
A26: =IFERROR(__xludf.DUMMYFUNCTION("""COMPUTED_VALUE"""),"CAUÃ VITORINO HOTTS DA SILVA") | B26: =IFERROR(__xludf.DUMMYFUNCTION("""COMPUTED_VALUE"""),"Turma E") | C26: =IFERROR(__xludf.DUMMYFUNCTION("""COMPUTED_VALUE"""),"Vespertino") | D26: Veio
A27: =IFERROR(__xludf.DUMMYFUNCTION("""COMPUTED_VALUE"""),"CLAUDIA GABRIELY CAMARGO MOREIRA") | B27: =IFERROR(__xludf.DUMMYFUNCTION("""COMPUTED_VALUE"""),"Turma D") | C27: =IFERROR(__xludf.DUMMYFUNCTION("""COMPUTED_VALUE"""),"Matutino") | D27: Veio
A28: =IFERROR(__xludf.DUMMYFUNCTION("""COMPUTED_VALUE"""),"Daffiny De Jesus Silva") | B28: =IFERROR(__xludf.DUMMYFUNCTION("""COMPUTED_VALUE"""),"Turma A") | C28: =IFERROR(__xludf.DUMMYFUNCTION("""COMPUTED_VALUE"""),"Matutino") | D28: Veio
A29: =IFERROR(__xludf.DUMMYFUNCTION("""COMPUTED_VALUE"""),"DANIEL VIEIRA MARTINS") | B29: =IFERROR(__xludf.DUMMYFUNCTION("""COMPUTED_VALUE"""),"Turma B1") | C29: =IFERROR(__xludf.DUMMYFUNCTION("""COMPUTED_VALUE"""),"Matutino") | D29: Veio
A30: =IFERROR(__xludf.DUMMYFUNCTION("""COMPUTED_VALUE"""),"Danielly Hilary Almeida Martins") | B30: =IFERROR(__xludf.DUMMYFUNCTION("""COMPUTED_VALUE"""),"Turma D") | C30: =IFERROR(__xludf.DUMMYFUNCTION("""COMPUTED_VALUE"""),"Vespertino") | D30: Veio
A31: =IFERROR(__xludf.DUMMYFUNCTION("""COMPUTED_VALUE"""),"Darlan Guilherme Sobreiro Romero Da Silva") | B31: =IFERROR(__xludf.DUMMYFUNCTION("""COMPUTED_VALUE"""),"Turma D") | C31: =IFERROR(__xludf.DUMMYFUNCTION("""COMPUTED_VALUE"""),"Vespertino") | D31: Veio
A32: =IFERROR(__xludf.DUMMYFUNCTION("""COMPUTED_VALUE"""),"DAVI LORENZO BARBOSA MOREIRA") | B32: =IFERROR(__xludf.DUMMYFUNCTION("""COMPUTED_VALUE"""),"Turma C") | C32: =IFERROR(__xludf.DUMMYFUNCTION("""COMPUTED_VALUE"""),"Vespertino") | D32: Veio
A33: =IFERROR(__xludf.DUMMYFUNCTION("""COMPUTED_VALUE"""),"DAVI LUCAS ALVES DE SOUZA") | B33: =IFERROR(__xludf.DUMMYFUNCTION("""COMPUTED_VALUE"""),"Turma B1") | C33: =IFERROR(__xludf.DUMMYFUNCTION("""COMPUTED_VALUE"""),"Matutino") | D33: Veio
A34: =IFERROR(__xludf.DUMMYFUNCTION("""COMPUTED_VALUE"""),"DAVI LUCAS DE LIMA TRINDADE") | B34: =IFERROR(__xludf.DUMMYFUNCTION("""COMPUTED_VALUE"""),"Turma C") | C34: =IFERROR(__xludf.DUMMYFUNCTION("""COMPUTED_VALUE"""),"Vespertino") | D34: Veio
A35: =IFERROR(__xludf.DUMMYFUNCTION("""COMPUTED_VALUE"""),"David William Pimenta Menezes") | B35: =IFERROR(__xludf.DUMMYFUNCTION("""COMPUTED_VALUE"""),"Turma D") | C35: =IFERROR(__xludf.DUMMYFUNCTION("""COMPUTED_VALUE"""),"Vespertino") | D35: Veio
A36: =IFERROR(__xludf.DUMMYFUNCTION("""COMPUTED_VALUE"""),"DAVY CAMPOS BARROS") | B36: =IFERROR(__xludf.DUMMYFUNCTION("""COMPUTED_VALUE"""),"Turma A") | C36: =IFERROR(__xludf.DUMMYFUNCTION("""COMPUTED_VALUE"""),"Vespertino") | D36: Veio
A37: =IFERROR(__xludf.DUMMYFUNCTION("""COMPUTED_VALUE"""),"DAVY THAYLOM OLIVEIRA DOS SANTOS") | B37: =IFERROR(__xludf.DUMMYFUNCTION("""COMPUTED_VALUE"""),"Turma A") | C37: =IFERROR(__xludf.DUMMYFUNCTION("""COMPUTED_VALUE"""),"Vespertino") | D37: Veio
A38: =IFERROR(__xludf.DUMMYFUNCTION("""COMPUTED_VALUE"""),"DERIK PEREIRA VIANA") | B38: =IFERROR(__xludf.DUMMYFUNCTION("""COMPUTED_VALUE"""),"Turma B2") | C38: =IFERROR(__xludf.DUMMYFUNCTION("""COMPUTED_VALUE"""),"Vespertino") | D38: Veio
A39: =IFERROR(__xludf.DUMMYFUNCTION("""COMPUTED_VALUE"""),"DIEGO MARQUES SOUZA DA SILVA") | B39: =IFERROR(__xludf.DUMMYFUNCTION("""COMPUTED_VALUE"""),"Turma E") | C39: =IFERROR(__xludf.DUMMYFUNCTION("""COMPUTED_VALUE"""),"Matutino") | D39: Veio
A40: =IFERROR(__xludf.DUMMYFUNCTION("""COMPUTED_VALUE"""),"DIEGO RENAN OLIVEIRA DA SILVA") | B40: =IFERROR(__xludf.DUMMYFUNCTION("""COMPUTED_VALUE"""),"Turma E") | C40: =IFERROR(__xludf.DUMMYFUNCTION("""COMPUTED_VALUE"""),"Vespertino") | D40: Veio
A41: =IFERROR(__xludf.DUMMYFUNCTION("""COMPUTED_VALUE"""),"ELIZEU MURILO JATOBÁ TRINDADE") | B41: =IFERROR(__xludf.DUMMYFUNCTION("""COMPUTED_VALUE"""),"Turma B2") | C41: =IFERROR(__xludf.DUMMYFUNCTION("""COMPUTED_VALUE"""),"Vespertino") | D41: Veio
A42: =IFERROR(__xludf.DUMMYFUNCTION("""COMPUTED_VALUE"""),"EMANUEL BATISTA DA SILVA") | B42: =IFERROR(__xludf.DUMMYFUNCTION("""COMPUTED_VALUE"""),"Turma E") | C42: =IFERROR(__xludf.DUMMYFUNCTION("""COMPUTED_VALUE"""),"Vespertino") | D42: Veio
A43: =IFERROR(__xludf.DUMMYFUNCTION("""COMPUTED_VALUE"""),"EMANUELLY DA SILVA SANTOS") | B43: =IFERROR(__xludf.DUMMYFUNCTION("""COMPUTED_VALUE"""),"Turma B1") | C43: =IFERROR(__xludf.DUMMYFUNCTION("""COMPUTED_VALUE"""),"Matutino") | D43: Veio
A44: =IFERROR(__xludf.DUMMYFUNCTION("""COMPUTED_VALUE"""),"EMILLY VICTÓRIA DO NASCIMENTO BEZERRA") | B44: =IFERROR(__xludf.DUMMYFUNCTION("""COMPUTED_VALUE"""),"Turma B2") | C44: =IFERROR(__xludf.DUMMYFUNCTION("""COMPUTED_VALUE"""),"Vespertino") | D44: Veio
A45: =IFERROR(__xludf.DUMMYFUNCTION("""COMPUTED_VALUE"""),"EMILY VITÓRIA DA SILVA SANTOS") | B45: =IFERROR(__xludf.DUMMYFUNCTION("""COMPUTED_VALUE"""),"Turma GR") | C45: =IFERROR(__xludf.DUMMYFUNCTION("""COMPUTED_VALUE"""),"Vespertino") | D45: Veio
A46: =IFERROR(__xludf.DUMMYFUNCTION("""COMPUTED_VALUE"""),"ENZO GABRIEL ALVES RIBEIRO") | B46: =IFERROR(__xludf.DUMMYFUNCTION("""COMPUTED_VALUE"""),"Turma B1") | C46: =IFERROR(__xludf.DUMMYFUNCTION("""COMPUTED_VALUE"""),"Matutino") | D46: Veio
A47: =IFERROR(__xludf.DUMMYFUNCTION("""COMPUTED_VALUE"""),"ENZO GABRIEL FERREIRA DOS SANTOS") | B47: =IFERROR(__xludf.DUMMYFUNCTION("""COMPUTED_VALUE"""),"Turma B2") | C47: =IFERROR(__xludf.DUMMYFUNCTION("""COMPUTED_VALUE"""),"Vespertino") | D47: Veio
A48: =IFERROR(__xludf.DUMMYFUNCTION("""COMPUTED_VALUE"""),"ERIK KAUAN DE SOUSA SILVA") | B48: =IFERROR(__xludf.DUMMYFUNCTION("""COMPUTED_VALUE"""),"Turma B1") | C48: =IFERROR(__xludf.DUMMYFUNCTION("""COMPUTED_VALUE"""),"Matutino") | D48: Veio
A49: =IFERROR(__xludf.DUMMYFUNCTION("""COMPUTED_VALUE"""),"EROS PINHEIRO") | B49: =IFERROR(__xludf.DUMMYFUNCTION("""COMPUTED_VALUE"""),"Turma GR") | C49: =IFERROR(__xludf.DUMMYFUNCTION("""COMPUTED_VALUE"""),"Vespertino") | D49: Veio
A50: =IFERROR(__xludf.DUMMYFUNCTION("""COMPUTED_VALUE"""),"Estela Martins Lopes") | B50: =IFERROR(__xludf.DUMMYFUNCTION("""COMPUTED_VALUE"""),"Turma A") | C50: =IFERROR(__xludf.DUMMYFUNCTION("""COMPUTED_VALUE"""),"Matutino") | D50: Veio
A51: =IFERROR(__xludf.DUMMYFUNCTION("""COMPUTED_VALUE"""),"ESTEPHANIE ISADORA SALES ROQUE") | B51: =IFERROR(__xludf.DUMMYFUNCTION("""COMPUTED_VALUE"""),"Turma GR") | C51: =IFERROR(__xludf.DUMMYFUNCTION("""COMPUTED_VALUE"""),"Vespertino") | D51: Veio
A52: =IFERROR(__xludf.DUMMYFUNCTION("""COMPUTED_VALUE"""),"FELIPE LUAN DELGADO DOS SANTOS") | B52: =IFERROR(__xludf.DUMMYFUNCTION("""COMPUTED_VALUE"""),"Turma C") | C52: =IFERROR(__xludf.DUMMYFUNCTION("""COMPUTED_VALUE"""),"Vespertino") | D52: Veio
A53: =IFERROR(__xludf.DUMMYFUNCTION("""COMPUTED_VALUE"""),"GABRIEL MARTINS DOS SANTOS") | B53: =IFERROR(__xludf.DUMMYFUNCTION("""COMPUTED_VALUE"""),"Turma C") | C53: =IFERROR(__xludf.DUMMYFUNCTION("""COMPUTED_VALUE"""),"Vespertino") | D53: Veio
A54: =IFERROR(__xludf.DUMMYFUNCTION("""COMPUTED_VALUE"""),"GABRIEL SOUZA BRAZ") | B54: =IFERROR(__xludf.DUMMYFUNCTION("""COMPUTED_VALUE"""),"Turma B1") | C54: =IFERROR(__xludf.DUMMYFUNCTION("""COMPUTED_VALUE"""),"Matutino") | D54: Veio
A55: =IFERROR(__xludf.DUMMYFUNCTION("""COMPUTED_VALUE"""),"GRAZIELLY VITÓRIA SOARES SANTOS") | B55: =IFERROR(__xludf.DUMMYFUNCTION("""COMPUTED_VALUE"""),"Turma E") | C55: =IFERROR(__xludf.DUMMYFUNCTION("""COMPUTED_VALUE"""),"Vespertino") | D55: Veio
A56: =IFERROR(__xludf.DUMMYFUNCTION("""COMPUTED_VALUE"""),"GUILHERME DE ANDRADE ZENZI") | B56: =IFERROR(__xludf.DUMMYFUNCTION("""COMPUTED_VALUE"""),"Turma E") | C56: =IFERROR(__xludf.DUMMYFUNCTION("""COMPUTED_VALUE"""),"Vespertino") | D56: Veio
A57: =IFERROR(__xludf.DUMMYFUNCTION("""COMPUTED_VALUE"""),"GULHERME SOARES") | B57: =IFERROR(__xludf.DUMMYFUNCTION("""COMPUTED_VALUE"""),"Turma B2") | C57: =IFERROR(__xludf.DUMMYFUNCTION("""COMPUTED_VALUE"""),"Vespertino") | D57: Veio
A58: =IFERROR(__xludf.DUMMYFUNCTION("""COMPUTED_VALUE"""),"GUSTAVO ALEJANDRO SIQUEIRA DOS SANTOS") | B58: =IFERROR(__xludf.DUMMYFUNCTION("""COMPUTED_VALUE"""),"Turma B2") | C58: =IFERROR(__xludf.DUMMYFUNCTION("""COMPUTED_VALUE"""),"Matutino") | D58: Veio
A59: =IFERROR(__xludf.DUMMYFUNCTION("""COMPUTED_VALUE"""),"GUSTAVO GALVÃO DE JESUS") | B59: =IFERROR(__xludf.DUMMYFUNCTION("""COMPUTED_VALUE"""),"Turma D") | C59: =IFERROR(__xludf.DUMMYFUNCTION("""COMPUTED_VALUE"""),"Matutino") | D59: Veio
A60: =IFERROR(__xludf.DUMMYFUNCTION("""COMPUTED_VALUE"""),"Heitor Miguel Barbosa De Melo Ferreira") | B60: =IFERROR(__xludf.DUMMYFUNCTION("""COMPUTED_VALUE"""),"Turma C") | C60: =IFERROR(__xludf.DUMMYFUNCTION("""COMPUTED_VALUE"""),"Matutino") | D60: Veio
A61: =IFERROR(__xludf.DUMMYFUNCTION("""COMPUTED_VALUE"""),"HELLOARA SANTOS DE LIMA") | B61: =IFERROR(__xludf.DUMMYFUNCTION("""COMPUTED_VALUE"""),"Turma B2") | C61: =IFERROR(__xludf.DUMMYFUNCTION("""COMPUTED_VALUE"""),"Matutino") | D61: Veio
A62: =IFERROR(__xludf.DUMMYFUNCTION("""COMPUTED_VALUE"""),"Henrique Rocha Almeida") | B62: =IFERROR(__xludf.DUMMYFUNCTION("""COMPUTED_VALUE"""),"Turma D") | C62: =IFERROR(__xludf.DUMMYFUNCTION("""COMPUTED_VALUE"""),"Vespertino") | D62: Veio
A63: =IFERROR(__xludf.DUMMYFUNCTION("""COMPUTED_VALUE"""),"Higor Santiago Castro Farfan") | B63: =IFERROR(__xludf.DUMMYFUNCTION("""COMPUTED_VALUE"""),"Turma GR") | C63: =IFERROR(__xludf.DUMMYFUNCTION("""COMPUTED_VALUE"""),"Vespertino") | D63: Veio
A64: =IFERROR(__xludf.DUMMYFUNCTION("""COMPUTED_VALUE"""),"HIURY QUENUPE DE OLIVEIRA") | B64: =IFERROR(__xludf.DUMMYFUNCTION("""COMPUTED_VALUE"""),"Turma E") | C64: =IFERROR(__xludf.DUMMYFUNCTION("""COMPUTED_VALUE"""),"Matutino") | D64: Veio
A65: =IFERROR(__xludf.DUMMYFUNCTION("""COMPUTED_VALUE"""),"IARA YASMIN FERREIRA IZEL") | B65: =IFERROR(__xludf.DUMMYFUNCTION("""COMPUTED_VALUE"""),"Turma B1") | C65: =IFERROR(__xludf.DUMMYFUNCTION("""COMPUTED_VALUE"""),"Vespertino") | D65: Veio
A66: =IFERROR(__xludf.DUMMYFUNCTION("""COMPUTED_VALUE"""),"ISABELLA MARA RODRIGUES SILVA") | B66: =IFERROR(__xludf.DUMMYFUNCTION("""COMPUTED_VALUE"""),"Turma C") | C66: =IFERROR(__xludf.DUMMYFUNCTION("""COMPUTED_VALUE"""),"Vespertino") | D66: Veio
A67: =IFERROR(__xludf.DUMMYFUNCTION("""COMPUTED_VALUE"""),"ISABELLY RODRIGUES DOS REIS") | B67: =IFERROR(__xludf.DUMMYFUNCTION("""COMPUTED_VALUE"""),"Turma E") | C67: =IFERROR(__xludf.DUMMYFUNCTION("""COMPUTED_VALUE"""),"Vespertino") | D67: Veio
A68: =IFERROR(__xludf.DUMMYFUNCTION("""COMPUTED_VALUE"""),"IURY GUSTAVO GOMES BARBOSA") | B68: =IFERROR(__xludf.DUMMYFUNCTION("""COMPUTED_VALUE"""),"Turma C") | C68: =IFERROR(__xludf.DUMMYFUNCTION("""COMPUTED_VALUE"""),"Vespertino") | D68: Veio
A69: =IFERROR(__xludf.DUMMYFUNCTION("""COMPUTED_VALUE"""),"Izaque Henrique Verdan Francisco") | B69: =IFERROR(__xludf.DUMMYFUNCTION("""COMPUTED_VALUE"""),"Turma A") | C69: =IFERROR(__xludf.DUMMYFUNCTION("""COMPUTED_VALUE"""),"Matutino") | D69: Veio
A70: =IFERROR(__xludf.DUMMYFUNCTION("""COMPUTED_VALUE"""),"JHENIFFER YASMIN MENDES MORAES") | B70: =IFERROR(__xludf.DUMMYFUNCTION("""COMPUTED_VALUE"""),"Turma A") | C70: =IFERROR(__xludf.DUMMYFUNCTION("""COMPUTED_VALUE"""),"Vespertino") | D70: Veio
A71: =IFERROR(__xludf.DUMMYFUNCTION("""COMPUTED_VALUE"""),"JHONNY VICTOR DE LIMA TRINDADE") | B71: =IFERROR(__xludf.DUMMYFUNCTION("""COMPUTED_VALUE"""),"Turma E") | C71: =IFERROR(__xludf.DUMMYFUNCTION("""COMPUTED_VALUE"""),"Vespertino") | D71: Veio
A72: =IFERROR(__xludf.DUMMYFUNCTION("""COMPUTED_VALUE"""),"JOÃO GUILHERME FERREIRA DOS SANTOS") | B72: =IFERROR(__xludf.DUMMYFUNCTION("""COMPUTED_VALUE"""),"Turma E") | C72: =IFERROR(__xludf.DUMMYFUNCTION("""COMPUTED_VALUE"""),"Vespertino") | D72: Veio
A73: =IFERROR(__xludf.DUMMYFUNCTION("""COMPUTED_VALUE"""),"João Miguel Medeiros De Oliveira") | B73: =IFERROR(__xludf.DUMMYFUNCTION("""COMPUTED_VALUE"""),"Turma A") | C73: =IFERROR(__xludf.DUMMYFUNCTION("""COMPUTED_VALUE"""),"Matutino") | D73: Veio
A74: =IFERROR(__xludf.DUMMYFUNCTION("""COMPUTED_VALUE"""),"JOÃO PAULO LOPES PINHEIRO") | B74: =IFERROR(__xludf.DUMMYFUNCTION("""COMPUTED_VALUE"""),"Turma B1") | C74: =IFERROR(__xludf.DUMMYFUNCTION("""COMPUTED_VALUE"""),"Matutino") | D74: Veio
A75: =IFERROR(__xludf.DUMMYFUNCTION("""COMPUTED_VALUE"""),"JOÃO PEDRO JESUS SOUZA") | B75: =IFERROR(__xludf.DUMMYFUNCTION("""COMPUTED_VALUE"""),"Turma E") | C75: =IFERROR(__xludf.DUMMYFUNCTION("""COMPUTED_VALUE"""),"Vespertino") | D75: Veio
A76: =IFERROR(__xludf.DUMMYFUNCTION("""COMPUTED_VALUE"""),"JOÃO VICTOR CAETANO COELHO") | B76: =IFERROR(__xludf.DUMMYFUNCTION("""COMPUTED_VALUE"""),"Turma E") | C76: =IFERROR(__xludf.DUMMYFUNCTION("""COMPUTED_VALUE"""),"Matutino") | D76: Veio
A77: =IFERROR(__xludf.DUMMYFUNCTION("""COMPUTED_VALUE"""),"Joaquim Miguel Silva Melo") | B77: =IFERROR(__xludf.DUMMYFUNCTION("""COMPUTED_VALUE"""),"Turma C") | C77: =IFERROR(__xludf.DUMMYFUNCTION("""COMPUTED_VALUE"""),"Matutino") | D77: Veio
A78: =IFERROR(__xludf.DUMMYFUNCTION("""COMPUTED_VALUE"""),"JOSÉ ESTEVÃO FRANCO PROCÓPIO DA SILVA") | B78: =IFERROR(__xludf.DUMMYFUNCTION("""COMPUTED_VALUE"""),"Turma B1") | C78: =IFERROR(__xludf.DUMMYFUNCTION("""COMPUTED_VALUE"""),"Matutino") | D78: Veio
A79: =IFERROR(__xludf.DUMMYFUNCTION("""COMPUTED_VALUE"""),"JOSÉ GABRIEL NEVES OLIVEIRA") | B79: =IFERROR(__xludf.DUMMYFUNCTION("""COMPUTED_VALUE"""),"Turma B2") | C79: =IFERROR(__xludf.DUMMYFUNCTION("""COMPUTED_VALUE"""),"Vespertino") | D79: Veio
A80: =IFERROR(__xludf.DUMMYFUNCTION("""COMPUTED_VALUE"""),"Julia Emanuelly Lavratti Oliveira") | B80: =IFERROR(__xludf.DUMMYFUNCTION("""COMPUTED_VALUE"""),"Turma A") | C80: =IFERROR(__xludf.DUMMYFUNCTION("""COMPUTED_VALUE"""),"Matutino") | D80: Veio
A81: =IFERROR(__xludf.DUMMYFUNCTION("""COMPUTED_VALUE"""),"JULIANO HENRIQUE GONÇALVES DA SILVA") | B81: =IFERROR(__xludf.DUMMYFUNCTION("""COMPUTED_VALUE"""),"Turma B2") | C81: =IFERROR(__xludf.DUMMYFUNCTION("""COMPUTED_VALUE"""),"Vespertino") | D81: Veio
A82: =IFERROR(__xludf.DUMMYFUNCTION("""COMPUTED_VALUE"""),"Kamily Barbosa Lemes") | B82: =IFERROR(__xludf.DUMMYFUNCTION("""COMPUTED_VALUE"""),"Turma C") | C82: =IFERROR(__xludf.DUMMYFUNCTION("""COMPUTED_VALUE"""),"Matutino") | D82: Veio
A83: =IFERROR(__xludf.DUMMYFUNCTION("""COMPUTED_VALUE"""),"KAUANE BARBOSA LEMES") | B83: =IFERROR(__xludf.DUMMYFUNCTION("""COMPUTED_VALUE"""),"Turma E") | C83: =IFERROR(__xludf.DUMMYFUNCTION("""COMPUTED_VALUE"""),"Vespertino") | D83: Veio
A84: =IFERROR(__xludf.DUMMYFUNCTION("""COMPUTED_VALUE"""),"KETLEN LORRANE DO NASCIMENTO DA SILVA") | B84: =IFERROR(__xludf.DUMMYFUNCTION("""COMPUTED_VALUE"""),"Turma E") | C84: =IFERROR(__xludf.DUMMYFUNCTION("""COMPUTED_VALUE"""),"Matutino") | D84: Veio
A85: =IFERROR(__xludf.DUMMYFUNCTION("""COMPUTED_VALUE"""),"LAURA SOPHIE DA SILVA NASCIMENTO") | B85: =IFERROR(__xludf.DUMMYFUNCTION("""COMPUTED_VALUE"""),"Turma B2") | C85: =IFERROR(__xludf.DUMMYFUNCTION("""COMPUTED_VALUE"""),"Vespertino") | D85: Veio
A86: =IFERROR(__xludf.DUMMYFUNCTION("""COMPUTED_VALUE"""),"LOGAN ARAUJO ALCANTARA") | B86: =IFERROR(__xludf.DUMMYFUNCTION("""COMPUTED_VALUE"""),"Turma D") | C86: =IFERROR(__xludf.DUMMYFUNCTION("""COMPUTED_VALUE"""),"Matutino") | D86: Veio
A87: =IFERROR(__xludf.DUMMYFUNCTION("""COMPUTED_VALUE"""),"Lorena De Paiva Leite") | B87: =IFERROR(__xludf.DUMMYFUNCTION("""COMPUTED_VALUE"""),"Turma D") | C87: =IFERROR(__xludf.DUMMYFUNCTION("""COMPUTED_VALUE"""),"Vespertino") | D87: Veio
A88: =IFERROR(__xludf.DUMMYFUNCTION("""COMPUTED_VALUE"""),"LUANA DO NASCIMENTO FERNANDES") | B88: =IFERROR(__xludf.DUMMYFUNCTION("""COMPUTED_VALUE"""),"Turma B2") | C88: =IFERROR(__xludf.DUMMYFUNCTION("""COMPUTED_VALUE"""),"Vespertino") | D88: Veio
A89: =IFERROR(__xludf.DUMMYFUNCTION("""COMPUTED_VALUE"""),"LUCAS GABRIEL NASCIMENTO DOS SANTOS") | B89: =IFERROR(__xludf.DUMMYFUNCTION("""COMPUTED_VALUE"""),"Turma B2") | C89: =IFERROR(__xludf.DUMMYFUNCTION("""COMPUTED_VALUE"""),"Vespertino") | D89: Veio
A90: =IFERROR(__xludf.DUMMYFUNCTION("""COMPUTED_VALUE"""),"Luis Felipe Camargo Moreira") | B90: =IFERROR(__xludf.DUMMYFUNCTION("""COMPUTED_VALUE"""),"Turma D") | C90: =IFERROR(__xludf.DUMMYFUNCTION("""COMPUTED_VALUE"""),"Vespertino") | D90: Veio
A91: =IFERROR(__xludf.DUMMYFUNCTION("""COMPUTED_VALUE"""),"LUIZ FELIPE POLICARPO DOS SANTOS") | B91: =IFERROR(__xludf.DUMMYFUNCTION("""COMPUTED_VALUE"""),"Turma A") | C91: =IFERROR(__xludf.DUMMYFUNCTION("""COMPUTED_VALUE"""),"Vespertino") | D91: Veio
A92: =IFERROR(__xludf.DUMMYFUNCTION("""COMPUTED_VALUE"""),"Luiz Fernando Garcia De Souza") | B92: =IFERROR(__xludf.DUMMYFUNCTION("""COMPUTED_VALUE"""),"Turma C") | C92: =IFERROR(__xludf.DUMMYFUNCTION("""COMPUTED_VALUE"""),"Matutino") | D92: Veio
A93: =IFERROR(__xludf.DUMMYFUNCTION("""COMPUTED_VALUE"""),"MARCOS ANTÔNIO TRINDADE DA SILVA") | B93: =IFERROR(__xludf.DUMMYFUNCTION("""COMPUTED_VALUE"""),"Turma B1") | C93: =IFERROR(__xludf.DUMMYFUNCTION("""COMPUTED_VALUE"""),"Vespertino") | D93: Veio
A94: =IFERROR(__xludf.DUMMYFUNCTION("""COMPUTED_VALUE"""),"MARIA CLARA OLIVEIRA MENEZES MARTINS") | B94: =IFERROR(__xludf.DUMMYFUNCTION("""COMPUTED_VALUE"""),"Turma GR") | C94: =IFERROR(__xludf.DUMMYFUNCTION("""COMPUTED_VALUE"""),"Vespertino") | D94: Veio
A95: =IFERROR(__xludf.DUMMYFUNCTION("""COMPUTED_VALUE"""),"MARIA EDUARDA SOBREIRO DA SILVA") | B95: =IFERROR(__xludf.DUMMYFUNCTION("""COMPUTED_VALUE"""),"Turma B1") | C95: =IFERROR(__xludf.DUMMYFUNCTION("""COMPUTED_VALUE"""),"Vespertino") | D95: Veio
A96: =IFERROR(__xludf.DUMMYFUNCTION("""COMPUTED_VALUE"""),"MARIA EMANUELLY CAMARGO GONÇALVES") | B96: =IFERROR(__xludf.DUMMYFUNCTION("""COMPUTED_VALUE"""),"Turma GR") | C96: =IFERROR(__xludf.DUMMYFUNCTION("""COMPUTED_VALUE"""),"Vespertino") | D96: Veio
A97: =IFERROR(__xludf.DUMMYFUNCTION("""COMPUTED_VALUE"""),"MARIA LUÍSA BARROS DA ROCHA") | B97: =IFERROR(__xludf.DUMMYFUNCTION("""COMPUTED_VALUE"""),"Turma C") | C97: =IFERROR(__xludf.DUMMYFUNCTION("""COMPUTED_VALUE"""),"Vespertino") | D97: Veio
A98: =IFERROR(__xludf.DUMMYFUNCTION("""COMPUTED_VALUE"""),"MARIA LUIZA ANASTACIO GONÇALVES") | B98: =IFERROR(__xludf.DUMMYFUNCTION("""COMPUTED_VALUE"""),"Turma C") | C98: =IFERROR(__xludf.DUMMYFUNCTION("""COMPUTED_VALUE"""),"Vespertino") | D98: Veio
A99: =IFERROR(__xludf.DUMMYFUNCTION("""COMPUTED_VALUE"""),"MARIA VITÓRIA OLIVEIRA MENEZES MARTINS") | B99: =IFERROR(__xludf.DUMMYFUNCTION("""COMPUTED_VALUE"""),"Turma GR") | C99: =IFERROR(__xludf.DUMMYFUNCTION("""COMPUTED_VALUE"""),"Vespertino") | D99: Veio
A100: =IFERROR(__xludf.DUMMYFUNCTION("""COMPUTED_VALUE"""),"Mariah Sophia Sales Aniceto") | B100: =IFERROR(__xludf.DUMMYFUNCTION("""COMPUTED_VALUE"""),"Turma D") | C100: =IFERROR(__xludf.DUMMYFUNCTION("""COMPUTED_VALUE"""),"Vespertino") | D100: Veio
...

Sheet Futsal
A1: Competidores | B1: Turma | C1: Período | D1: Presente | F1: CONFRONTOS
A2: =IFERROR(__xludf.DUMMYFUNCTION("FILTER(Alunos!A:A, Alunos!$E:$E = ""Participa"")"),"ADILSON EVÊNCIO DA SILVA JUNIOR") | B2: =IFERROR(__xludf.DUMMYFUNCTION("FILTER(Alunos!B:B, Alunos!$E:$E = ""Participa"")"),"Turma E") | C2: =IFERROR(__xludf.DUMMYFUNCTION("FILTER(Alunos!C:C, Alunos!$E:$E = ""Participa"")"),"Matutino") | D2: Veio | F2: Categoria | G2: Turmas | I2: Resultados
A3: =IFERROR(__xludf.DUMMYFUNCTION("""COMPUTED_VALUE"""),"ALIPHER GABRIEL LOPES FERREIRA") | B3: =IFERROR(__xludf.DUMMYFUNCTION("""COMPUTED_VALUE"""),"Turma B2") | C3: =IFERROR(__xludf.DUMMYFUNCTION("""COMPUTED_VALUE"""),"Vespertino") | D3: Veio | F3: Infantil | G3: A v | H3: B2 m | I3: A v
A4: =IFERROR(__xludf.DUMMYFUNCTION("""COMPUTED_VALUE"""),"ALLAN ALVES RIBEIRO") | B4: =IFERROR(__xludf.DUMMYFUNCTION("""COMPUTED_VALUE"""),"Turma E") | C4: =IFERROR(__xludf.DUMMYFUNCTION("""COMPUTED_VALUE"""),"Vespertino") | D4: Veio | G4: B1 m | H4: B1 v | I4: B1 m
A5: =IFERROR(__xludf.DUMMYFUNCTION("""COMPUTED_VALUE"""),"ANA CLARA DE FREITAS TEIXEIRA") | B5: =IFERROR(__xludf.DUMMYFUNCTION("""COMPUTED_VALUE"""),"Turma GR") | C5: =IFERROR(__xludf.DUMMYFUNCTION("""COMPUTED_VALUE"""),"Vespertino") | D5: Veio | G5: A m | H5: B2 m | I5: Empate
A6: =IFERROR(__xludf.DUMMYFUNCTION("""COMPUTED_VALUE"""),"ANA CRISTINA SOUZA LOBAK") | B6: =IFERROR(__xludf.DUMMYFUNCTION("""COMPUTED_VALUE"""),"Turma E") | C6: =IFERROR(__xludf.DUMMYFUNCTION("""COMPUTED_VALUE"""),"Vespertino") | D6: Veio | G6: A v | H6: B1 m | I6: Empate | J6: Aluno (n/d) b1 m
A7: =IFERROR(__xludf.DUMMYFUNCTION("""COMPUTED_VALUE"""),"ANA LUIZA DA SILVA BORGES") | B7: =IFERROR(__xludf.DUMMYFUNCTION("""COMPUTED_VALUE"""),"Turma E") | C7: =IFERROR(__xludf.DUMMYFUNCTION("""COMPUTED_VALUE"""),"Matutino") | D7: Veio | G7: A m | H7: B1 v | I7: B1 v
A8: =IFERROR(__xludf.DUMMYFUNCTION("""COMPUTED_VALUE"""),"Andressa Campos De Barros") | B8: =IFERROR(__xludf.DUMMYFUNCTION("""COMPUTED_VALUE"""),"Turma D") | C8: =IFERROR(__xludf.DUMMYFUNCTION("""COMPUTED_VALUE"""),"Vespertino") | D8: Veio | G8: B2 m | H8: B1 m | I8: B1 m
A9: =IFERROR(__xludf.DUMMYFUNCTION("""COMPUTED_VALUE"""),"ANNY HELOISE OLIVEIRA DA SILVA") | B9: =IFERROR(__xludf.DUMMYFUNCTION("""COMPUTED_VALUE"""),"Turma B2") | C9: =IFERROR(__xludf.DUMMYFUNCTION("""COMPUTED_VALUE"""),"Vespertino") | D9: Veio | G9: A m | H9: B1 m | I9: B1 m | J9: Aluno (n/d) turma C m
A10: =IFERROR(__xludf.DUMMYFUNCTION("""COMPUTED_VALUE"""),"AQUIRIZ ARAUJO DE FREITAS") | B10: =IFERROR(__xludf.DUMMYFUNCTION("""COMPUTED_VALUE"""),"Turma C") | C10: =IFERROR(__xludf.DUMMYFUNCTION("""COMPUTED_VALUE"""),"Vespertino") | D10: Veio | G10: B1 v | H10: A v | I10: Empate | J10: Aluno 049 D v
A11: =IFERROR(__xludf.DUMMYFUNCTION("""COMPUTED_VALUE"""),"ARTHUR FERREIRA NAPOLEÃO") | B11: =IFERROR(__xludf.DUMMYFUNCTION("""COMPUTED_VALUE"""),"Turma D") | C11: =IFERROR(__xludf.DUMMYFUNCTION("""COMPUTED_VALUE"""),"Matutino") | D11: Veio | G11: A m | H11: A v | I11: A v | J11: Aluno (n/d) D m
A12: =IFERROR(__xludf.DUMMYFUNCTION("""COMPUTED_VALUE"""),"ARTHUR LOPES RODRIGUES NEVES") | B12: =IFERROR(__xludf.DUMMYFUNCTION("""COMPUTED_VALUE"""),"Turma B2") | C12: =IFERROR(__xludf.DUMMYFUNCTION("""COMPUTED_VALUE"""),"Vespertino") | D12: Veio | G12: B1 v | H12: B2 m | I12: B1 v
A13: =IFERROR(__xludf.DUMMYFUNCTION("""COMPUTED_VALUE"""),"ARTHUR SANTANA BARBOSA") | B13: =IFERROR(__xludf.DUMMYFUNCTION("""COMPUTED_VALUE"""),"Turma A") | C13: =IFERROR(__xludf.DUMMYFUNCTION("""COMPUTED_VALUE"""),"Vespertino") | D13: Veio | F13: Juvenil | G13: C m | H13: D v | I13: D v | K13: Aluno (n/d) D v expulso (individual)
A14: =IFERROR(__xludf.DUMMYFUNCTION("""COMPUTED_VALUE"""),"ASAPH GABRIEL SALES ANICETO") | B14: =IFERROR(__xludf.DUMMYFUNCTION("""COMPUTED_VALUE"""),"Turma B2") | C14: =IFERROR(__xludf.DUMMYFUNCTION("""COMPUTED_VALUE"""),"Matutino") | D14: Veio | G14: C v | H14: D m | I14: D m
A15: =IFERROR(__xludf.DUMMYFUNCTION("""COMPUTED_VALUE"""),"Breno Henrique Germano Dos Santos") | B15: =IFERROR(__xludf.DUMMYFUNCTION("""COMPUTED_VALUE"""),"Turma C") | C15: =IFERROR(__xludf.DUMMYFUNCTION("""COMPUTED_VALUE"""),"Matutino") | D15: Veio | G15: B2 v | H15: D v | I15: D v
A16: =IFERROR(__xludf.DUMMYFUNCTION("""COMPUTED_VALUE"""),"CAIO RUAN GERÔNIMO OLIVEIRA") | B16: =IFERROR(__xludf.DUMMYFUNCTION("""COMPUTED_VALUE"""),"Turma E") | C16: =IFERROR(__xludf.DUMMYFUNCTION("""COMPUTED_VALUE"""),"Matutino") | D16: Veio | G16: C m | H16: C v | I16: C v
A17: =IFERROR(__xludf.DUMMYFUNCTION("""COMPUTED_VALUE"""),"CAIO SOUZA PRÓCÓPIO DA SILVA") | B17: =IFERROR(__xludf.DUMMYFUNCTION("""COMPUTED_VALUE"""),"Turma E") | C17: =IFERROR(__xludf.DUMMYFUNCTION("""COMPUTED_VALUE"""),"Matutino") | D17: Veio | G17: B2 v | H17: D m | I17: D m
A18: =IFERROR(__xludf.DUMMYFUNCTION("""COMPUTED_VALUE"""),"CARLOS DANIEL BARROSO FERREIRA") | B18: =IFERROR(__xludf.DUMMYFUNCTION("""COMPUTED_VALUE"""),"Turma C") | C18: =IFERROR(__xludf.DUMMYFUNCTION("""COMPUTED_VALUE"""),"Vespertino") | D18: Veio | G18: D v | H18: C v | I18: D v
A19: =IFERROR(__xludf.DUMMYFUNCTION("""COMPUTED_VALUE"""),"Carlos Eduardo De Souza") | B19: =IFERROR(__xludf.DUMMYFUNCTION("""COMPUTED_VALUE"""),"Turma D") | C19: =IFERROR(__xludf.DUMMYFUNCTION("""COMPUTED_VALUE"""),"Vespertino") | D19: Veio | G19: B2 v | H19: C v | I19: B2 v
A20: =IFERROR(__xludf.DUMMYFUNCTION("""COMPUTED_VALUE"""),"CARLOS EDUARDO GENUINO DE ALENCAR") | B20: =IFERROR(__xludf.DUMMYFUNCTION("""COMPUTED_VALUE"""),"Turma C") | C20: =IFERROR(__xludf.DUMMYFUNCTION("""COMPUTED_VALUE"""),"Vespertino") | D20: Veio | G20: D m | H20: C m | I20: D m
A21: =IFERROR(__xludf.DUMMYFUNCTION("""COMPUTED_VALUE"""),"CAUÃ SOUZA PROCÓPIO DA SILVA") | B21: =IFERROR(__xludf.DUMMYFUNCTION("""COMPUTED_VALUE"""),"Turma A") | C21: =IFERROR(__xludf.DUMMYFUNCTION("""COMPUTED_VALUE"""),"Vespertino") | D21: Veio | G21: B2 v | H21: C m | I21: Empate
A22: =IFERROR(__xludf.DUMMYFUNCTION("""COMPUTED_VALUE"""),"CAUÃ VITORINO HOTTS DA SILVA") | B22: =IFERROR(__xludf.DUMMYFUNCTION("""COMPUTED_VALUE"""),"Turma E") | C22: =IFERROR(__xludf.DUMMYFUNCTION("""COMPUTED_VALUE"""),"Vespertino") | D22: Veio | G22: D m | H22: D v | I22: D v
A23: =IFERROR(__xludf.DUMMYFUNCTION("""COMPUTED_VALUE"""),"CLAUDIA GABRIELY CAMARGO MOREIRA") | B23: =IFERROR(__xludf.DUMMYFUNCTION("""COMPUTED_VALUE"""),"Turma D") | C23: =IFERROR(__xludf.DUMMYFUNCTION("""COMPUTED_VALUE"""),"Matutino") | D23: Veio | F23: Júnior | G23: E m | H23: E v | I23: E m | J23: Aluno (n/d)
A24: =IFERROR(__xludf.DUMMYFUNCTION("""COMPUTED_VALUE"""),"DANIEL VIEIRA MARTINS") | B24: =IFERROR(__xludf.DUMMYFUNCTION("""COMPUTED_VALUE"""),"Turma B1") | C24: =IFERROR(__xludf.DUMMYFUNCTION("""COMPUTED_VALUE"""),"Matutino") | D24: Veio | G24: GR | H24: E m | I24: Empate
A25: =IFERROR(__xludf.DUMMYFUNCTION("""COMPUTED_VALUE"""),"Danielly Hilary Almeida Martins") | B25: =IFERROR(__xludf.DUMMYFUNCTION("""COMPUTED_VALUE"""),"Turma D") | C25: =IFERROR(__xludf.DUMMYFUNCTION("""COMPUTED_VALUE"""),"Vespertino") | D25: Veio | G25: E v | H25: GR | I25: GR
A26: =IFERROR(__xludf.DUMMYFUNCTION("""COMPUTED_VALUE"""),"Darlan Guilherme Sobreiro Romero Da Silva") | B26: =IFERROR(__xludf.DUMMYFUNCTION("""COMPUTED_VALUE"""),"Turma D") | C26: =IFERROR(__xludf.DUMMYFUNCTION("""COMPUTED_VALUE"""),"Vespertino") | D26: Veio
A27: =IFERROR(__xludf.DUMMYFUNCTION("""COMPUTED_VALUE"""),"DAVI LORENZO BARBOSA MOREIRA") | B27: =IFERROR(__xludf.DUMMYFUNCTION("""COMPUTED_VALUE"""),"Turma C") | C27: =IFERROR(__xludf.DUMMYFUNCTION("""COMPUTED_VALUE"""),"Vespertino") | D27: Veio
A28: =IFERROR(__xludf.DUMMYFUNCTION("""COMPUTED_VALUE"""),"DAVI LUCAS ALVES DE SOUZA") | B28: =IFERROR(__xludf.DUMMYFUNCTION("""COMPUTED_VALUE"""),"Turma B1") | C28: =IFERROR(__xludf.DUMMYFUNCTION("""COMPUTED_VALUE"""),"Matutino") | D28: Veio
A29: =IFERROR(__xludf.DUMMYFUNCTION("""COMPUTED_VALUE"""),"DAVI LUCAS DE LIMA TRINDADE") | B29: =IFERROR(__xludf.DUMMYFUNCTION("""COMPUTED_VALUE"""),"Turma C") | C29: =IFERROR(__xludf.DUMMYFUNCTION("""COMPUTED_VALUE"""),"Vespertino") | D29: Veio
A30: =IFERROR(__xludf.DUMMYFUNCTION("""COMPUTED_VALUE"""),"David William Pimenta Menezes") | B30: =IFERROR(__xludf.DUMMYFUNCTION("""COMPUTED_VALUE"""),"Turma D") | C30: =IFERROR(__xludf.DUMMYFUNCTION("""COMPUTED_VALUE"""),"Vespertino") | D30: Veio
A31: =IFERROR(__xludf.DUMMYFUNCTION("""COMPUTED_VALUE"""),"DAVY THAYLOM OLIVEIRA DOS SANTOS") | B31: =IFERROR(__xludf.DUMMYFUNCTION("""COMPUTED_VALUE"""),"Turma A") | C31: =IFERROR(__xludf.DUMMYFUNCTION("""COMPUTED_VALUE"""),"Vespertino") | D31: Veio
A32: =IFERROR(__xludf.DUMMYFUNCTION("""COMPUTED_VALUE"""),"DERIK PEREIRA VIANA") | B32: =IFERROR(__xludf.DUMMYFUNCTION("""COMPUTED_VALUE"""),"Turma B2") | C32: =IFERROR(__xludf.DUMMYFUNCTION("""COMPUTED_VALUE"""),"Vespertino") | D32: Veio
A33: =IFERROR(__xludf.DUMMYFUNCTION("""COMPUTED_VALUE"""),"DIEGO MARQUES SOUZA DA SILVA") | B33: =IFERROR(__xludf.DUMMYFUNCTION("""COMPUTED_VALUE"""),"Turma E") | C33: =IFERROR(__xludf.DUMMYFUNCTION("""COMPUTED_VALUE"""),"Matutino") | D33: Veio
A34: =IFERROR(__xludf.DUMMYFUNCTION("""COMPUTED_VALUE"""),"DIEGO RENAN OLIVEIRA DA SILVA") | B34: =IFERROR(__xludf.DUMMYFUNCTION("""COMPUTED_VALUE"""),"Turma E") | C34: =IFERROR(__xludf.DUMMYFUNCTION("""COMPUTED_VALUE"""),"Vespertino") | D34: Veio
A35: =IFERROR(__xludf.DUMMYFUNCTION("""COMPUTED_VALUE"""),"ELIZEU MURILO JATOBÁ TRINDADE") | B35: =IFERROR(__xludf.DUMMYFUNCTION("""COMPUTED_VALUE"""),"Turma B2") | C35: =IFERROR(__xludf.DUMMYFUNCTION("""COMPUTED_VALUE"""),"Vespertino") | D35: Veio
A36: =IFERROR(__xludf.DUMMYFUNCTION("""COMPUTED_VALUE"""),"EMANUEL BATISTA DA SILVA") | B36: =IFERROR(__xludf.DUMMYFUNCTION("""COMPUTED_VALUE"""),"Turma E") | C36: =IFERROR(__xludf.DUMMYFUNCTION("""COMPUTED_VALUE"""),"Vespertino") | D36: Veio
A37: =IFERROR(__xludf.DUMMYFUNCTION("""COMPUTED_VALUE"""),"EMANUELLY DA SILVA SANTOS") | B37: =IFERROR(__xludf.DUMMYFUNCTION("""COMPUTED_VALUE"""),"Turma B1") | C37: =IFERROR(__xludf.DUMMYFUNCTION("""COMPUTED_VALUE"""),"Matutino") | D37: Veio
A38: =IFERROR(__xludf.DUMMYFUNCTION("""COMPUTED_VALUE"""),"EMILY VITÓRIA DA SILVA SANTOS") | B38: =IFERROR(__xludf.DUMMYFUNCTION("""COMPUTED_VALUE"""),"Turma GR") | C38: =IFERROR(__xludf.DUMMYFUNCTION("""COMPUTED_VALUE"""),"Vespertino") | D38: Veio
A39: =IFERROR(__xludf.DUMMYFUNCTION("""COMPUTED_VALUE"""),"ENZO GABRIEL FERREIRA DOS SANTOS") | B39: =IFERROR(__xludf.DUMMYFUNCTION("""COMPUTED_VALUE"""),"Turma B2") | C39: =IFERROR(__xludf.DUMMYFUNCTION("""COMPUTED_VALUE"""),"Vespertino") | D39: Veio
A40: =IFERROR(__xludf.DUMMYFUNCTION("""COMPUTED_VALUE"""),"ERIK KAUAN DE SOUSA SILVA") | B40: =IFERROR(__xludf.DUMMYFUNCTION("""COMPUTED_VALUE"""),"Turma B1") | C40: =IFERROR(__xludf.DUMMYFUNCTION("""COMPUTED_VALUE"""),"Matutino") | D40: Veio
A41: =IFERROR(__xludf.DUMMYFUNCTION("""COMPUTED_VALUE"""),"EROS PINHEIRO") | B41: =IFERROR(__xludf.DUMMYFUNCTION("""COMPUTED_VALUE"""),"Turma GR") | C41: =IFERROR(__xludf.DUMMYFUNCTION("""COMPUTED_VALUE"""),"Vespertino") | D41: Veio
A42: =IFERROR(__xludf.DUMMYFUNCTION("""COMPUTED_VALUE"""),"ESTEPHANIE ISADORA SALES ROQUE") | B42: =IFERROR(__xludf.DUMMYFUNCTION("""COMPUTED_VALUE"""),"Turma GR") | C42: =IFERROR(__xludf.DUMMYFUNCTION("""COMPUTED_VALUE"""),"Vespertino") | D42: Veio
A43: =IFERROR(__xludf.DUMMYFUNCTION("""COMPUTED_VALUE"""),"FELIPE LUAN DELGADO DOS SANTOS") | B43: =IFERROR(__xludf.DUMMYFUNCTION("""COMPUTED_VALUE"""),"Turma C") | C43: =IFERROR(__xludf.DUMMYFUNCTION("""COMPUTED_VALUE"""),"Vespertino") | D43: Veio
A44: =IFERROR(__xludf.DUMMYFUNCTION("""COMPUTED_VALUE"""),"GABRIEL SOUZA BRAZ") | B44: =IFERROR(__xludf.DUMMYFUNCTION("""COMPUTED_VALUE"""),"Turma B1") | C44: =IFERROR(__xludf.DUMMYFUNCTION("""COMPUTED_VALUE"""),"Matutino") | D44: Veio
A45: =IFERROR(__xludf.DUMMYFUNCTION("""COMPUTED_VALUE"""),"GRAZIELLY VITÓRIA SOARES SANTOS") | B45: =IFERROR(__xludf.DUMMYFUNCTION("""COMPUTED_VALUE"""),"Turma E") | C45: =IFERROR(__xludf.DUMMYFUNCTION("""COMPUTED_VALUE"""),"Vespertino") | D45: Veio
A46: =IFERROR(__xludf.DUMMYFUNCTION("""COMPUTED_VALUE"""),"GUILHERME DE ANDRADE ZENZI") | B46: =IFERROR(__xludf.DUMMYFUNCTION("""COMPUTED_VALUE"""),"Turma E") | C46: =IFERROR(__xludf.DUMMYFUNCTION("""COMPUTED_VALUE"""),"Vespertino") | D46: Veio
A47: =IFERROR(__xludf.DUMMYFUNCTION("""COMPUTED_VALUE"""),"GULHERME SOARES") | B47: =IFERROR(__xludf.DUMMYFUNCTION("""COMPUTED_VALUE"""),"Turma B2") | C47: =IFERROR(__xludf.DUMMYFUNCTION("""COMPUTED_VALUE"""),"Vespertino") | D47: Veio
A48: =IFERROR(__xludf.DUMMYFUNCTION("""COMPUTED_VALUE"""),"GUSTAVO GALVÃO DE JESUS") | B48: =IFERROR(__xludf.DUMMYFUNCTION("""COMPUTED_VALUE"""),"Turma D") | C48: =IFERROR(__xludf.DUMMYFUNCTION("""COMPUTED_VALUE"""),"Matutino") | D48: Veio
A49: =IFERROR(__xludf.DUMMYFUNCTION("""COMPUTED_VALUE"""),"Heitor Miguel Barbosa De Melo Ferreira") | B49: =IFERROR(__xludf.DUMMYFUNCTION("""COMPUTED_VALUE"""),"Turma C") | C49: =IFERROR(__xludf.DUMMYFUNCTION("""COMPUTED_VALUE"""),"Matutino") | D49: Veio
A50: =IFERROR(__xludf.DUMMYFUNCTION("""COMPUTED_VALUE"""),"Henrique Rocha Almeida") | B50: =IFERROR(__xludf.DUMMYFUNCTION("""COMPUTED_VALUE"""),"Turma D") | C50: =IFERROR(__xludf.DUMMYFUNCTION("""COMPUTED_VALUE"""),"Vespertino") | D50: Veio
A51: =IFERROR(__xludf.DUMMYFUNCTION("""COMPUTED_VALUE"""),"Higor Santiago Castro Farfan") | B51: =IFERROR(__xludf.DUMMYFUNCTION("""COMPUTED_VALUE"""),"Turma GR") | C51: =IFERROR(__xludf.DUMMYFUNCTION("""COMPUTED_VALUE"""),"Vespertino") | D51: Veio
A52: =IFERROR(__xludf.DUMMYFUNCTION("""COMPUTED_VALUE"""),"HIURY QUENUPE DE OLIVEIRA") | B52: =IFERROR(__xludf.DUMMYFUNCTION("""COMPUTED_VALUE"""),"Turma E") | C52: =IFERROR(__xludf.DUMMYFUNCTION("""COMPUTED_VALUE"""),"Matutino") | D52: Veio
A53: =IFERROR(__xludf.DUMMYFUNCTION("""COMPUTED_VALUE"""),"IURY GUSTAVO GOMES BARBOSA") | B53: =IFERROR(__xludf.DUMMYFUNCTION("""COMPUTED_VALUE"""),"Turma C") | C53: =IFERROR(__xludf.DUMMYFUNCTION("""COMPUTED_VALUE"""),"Vespertino") | D53: Veio
A54: =IFERROR(__xludf.DUMMYFUNCTION("""COMPUTED_VALUE"""),"Izaque Henrique Verdan Francisco") | B54: =IFERROR(__xludf.DUMMYFUNCTION("""COMPUTED_VALUE"""),"Turma A") | C54: =IFERROR(__xludf.DUMMYFUNCTION("""COMPUTED_VALUE"""),"Matutino") | D54: Veio
A55: =IFERROR(__xludf.DUMMYFUNCTION("""COMPUTED_VALUE"""),"JHONNY VICTOR DE LIMA TRINDADE") | B55: =IFERROR(__xludf.DUMMYFUNCTION("""COMPUTED_VALUE"""),"Turma E") | C55: =IFERROR(__xludf.DUMMYFUNCTION("""COMPUTED_VALUE"""),"Vespertino") | D55: Veio
A56: =IFERROR(__xludf.DUMMYFUNCTION("""COMPUTED_VALUE"""),"JOÃO GUILHERME FERREIRA DOS SANTOS") | B56: =IFERROR(__xludf.DUMMYFUNCTION("""COMPUTED_VALUE"""),"Turma E") | C56: =IFERROR(__xludf.DUMMYFUNCTION("""COMPUTED_VALUE"""),"Vespertino") | D56: Veio
A57: =IFERROR(__xludf.DUMMYFUNCTION("""COMPUTED_VALUE"""),"João Miguel Medeiros De Oliveira") | B57: =IFERROR(__xludf.DUMMYFUNCTION("""COMPUTED_VALUE"""),"Turma A") | C57: =IFERROR(__xludf.DUMMYFUNCTION("""COMPUTED_VALUE"""),"Matutino") | D57: Veio
A58: =IFERROR(__xludf.DUMMYFUNCTION("""COMPUTED_VALUE"""),"JOÃO PAULO LOPES PINHEIRO") | B58: =IFERROR(__xludf.DUMMYFUNCTION("""COMPUTED_VALUE"""),"Turma B1") | C58: =IFERROR(__xludf.DUMMYFUNCTION("""COMPUTED_VALUE"""),"Matutino") | D58: Veio
A59: =IFERROR(__xludf.DUMMYFUNCTION("""COMPUTED_VALUE"""),"JOÃO PEDRO JESUS SOUZA") | B59: =IFERROR(__xludf.DUMMYFUNCTION("""COMPUTED_VALUE"""),"Turma E") | C59: =IFERROR(__xludf.DUMMYFUNCTION("""COMPUTED_VALUE"""),"Vespertino") | D59: Veio
A60: =IFERROR(__xludf.DUMMYFUNCTION("""COMPUTED_VALUE"""),"JOÃO VICTOR CAETANO COELHO") | B60: =IFERROR(__xludf.DUMMYFUNCTION("""COMPUTED_VALUE"""),"Turma E") | C60: =IFERROR(__xludf.DUMMYFUNCTION("""COMPUTED_VALUE"""),"Matutino") | D60: Veio
A61: =IFERROR(__xludf.DUMMYFUNCTION("""COMPUTED_VALUE"""),"Joaquim Miguel Silva Melo") | B61: =IFERROR(__xludf.DUMMYFUNCTION("""COMPUTED_VALUE"""),"Turma C") | C61: =IFERROR(__xludf.DUMMYFUNCTION("""COMPUTED_VALUE"""),"Matutino") | D61: Veio
A62: =IFERROR(__xludf.DUMMYFUNCTION("""COMPUTED_VALUE"""),"JOSÉ GABRIEL NEVES OLIVEIRA") | B62: =IFERROR(__xludf.DUMMYFUNCTION("""COMPUTED_VALUE"""),"Turma B2") | C62: =IFERROR(__xludf.DUMMYFUNCTION("""COMPUTED_VALUE"""),"Vespertino") | D62: Veio
A63: =IFERROR(__xludf.DUMMYFUNCTION("""COMPUTED_VALUE"""),"Jovana Victória Mendes De Macedo") | B63: =IFERROR(__xludf.DUMMYFUNCTION("""COMPUTED_VALUE"""),"Turma C") | C63: =IFERROR(__xludf.DUMMYFUNCTION("""COMPUTED_VALUE"""),"Matutino") | D63: Veio
A64: =IFERROR(__xludf.DUMMYFUNCTION("""COMPUTED_VALUE"""),"Julia Emanuelly Lavratti Oliveira") | B64: =IFERROR(__xludf.DUMMYFUNCTION("""COMPUTED_VALUE"""),"Turma A") | C64: =IFERROR(__xludf.DUMMYFUNCTION("""COMPUTED_VALUE"""),"Matutino") | D64: Veio
A65: =IFERROR(__xludf.DUMMYFUNCTION("""COMPUTED_VALUE"""),"JULIANO HENRIQUE GONÇALVES DA SILVA") | B65: =IFERROR(__xludf.DUMMYFUNCTION("""COMPUTED_VALUE"""),"Turma B2") | C65: =IFERROR(__xludf.DUMMYFUNCTION("""COMPUTED_VALUE"""),"Vespertino") | D65: Veio
A66: =IFERROR(__xludf.DUMMYFUNCTION("""COMPUTED_VALUE"""),"KAUANE BARBOSA LEMES") | B66: =IFERROR(__xludf.DUMMYFUNCTION("""COMPUTED_VALUE"""),"Turma E") | C66: =IFERROR(__xludf.DUMMYFUNCTION("""COMPUTED_VALUE"""),"Vespertino") | D66: Veio
A67: =IFERROR(__xludf.DUMMYFUNCTION("""COMPUTED_VALUE"""),"KETLEN LORRANE DO NASCIMENTO DA SILVA") | B67: =IFERROR(__xludf.DUMMYFUNCTION("""COMPUTED_VALUE"""),"Turma E") | C67: =IFERROR(__xludf.DUMMYFUNCTION("""COMPUTED_VALUE"""),"Matutino") | D67: Veio
A68: =IFERROR(__xludf.DUMMYFUNCTION("""COMPUTED_VALUE"""),"LAURA SOPHIE DA SILVA NASCIMENTO") | B68: =IFERROR(__xludf.DUMMYFUNCTION("""COMPUTED_VALUE"""),"Turma B2") | C68: =IFERROR(__xludf.DUMMYFUNCTION("""COMPUTED_VALUE"""),"Vespertino") | D68: Veio
A69: =IFERROR(__xludf.DUMMYFUNCTION("""COMPUTED_VALUE"""),"LOGAN ARAUJO ALCANTARA") | B69: =IFERROR(__xludf.DUMMYFUNCTION("""COMPUTED_VALUE"""),"Turma D") | C69: =IFERROR(__xludf.DUMMYFUNCTION("""COMPUTED_VALUE"""),"Matutino") | D69: Veio
A70: =IFERROR(__xludf.DUMMYFUNCTION("""COMPUTED_VALUE"""),"LUANA DO NASCIMENTO FERNANDES") | B70: =IFERROR(__xludf.DUMMYFUNCTION("""COMPUTED_VALUE"""),"Turma B2") | C70: =IFERROR(__xludf.DUMMYFUNCTION("""COMPUTED_VALUE"""),"Vespertino") | D70: Veio
A71: =IFERROR(__xludf.DUMMYFUNCTION("""COMPUTED_VALUE"""),"LUCAS GABRIEL NASCIMENTO DOS SANTOS") | B71: =IFERROR(__xludf.DUMMYFUNCTION("""COMPUTED_VALUE"""),"Turma B2") | C71: =IFERROR(__xludf.DUMMYFUNCTION("""COMPUTED_VALUE"""),"Vespertino") | D71: Veio
A72: =IFERROR(__xludf.DUMMYFUNCTION("""COMPUTED_VALUE"""),"Luis Felipe Camargo Moreira") | B72: =IFERROR(__xludf.DUMMYFUNCTION("""COMPUTED_VALUE"""),"Turma D") | C72: =IFERROR(__xludf.DUMMYFUNCTION("""COMPUTED_VALUE"""),"Vespertino") | D72: Veio
A73: =IFERROR(__xludf.DUMMYFUNCTION("""COMPUTED_VALUE"""),"LUIZ FELIPE POLICARPO DOS SANTOS") | B73: =IFERROR(__xludf.DUMMYFUNCTION("""COMPUTED_VALUE"""),"Turma A") | C73: =IFERROR(__xludf.DUMMYFUNCTION("""COMPUTED_VALUE"""),"Vespertino") | D73: Veio
A74: =IFERROR(__xludf.DUMMYFUNCTION("""COMPUTED_VALUE"""),"Luiz Fernando Garcia De Souza") | B74: =IFERROR(__xludf.DUMMYFUNCTION("""COMPUTED_VALUE"""),"Turma C") | C74: =IFERROR(__xludf.DUMMYFUNCTION("""COMPUTED_VALUE"""),"Matutino") | D74: Veio
A75: =IFERROR(__xludf.DUMMYFUNCTION("""COMPUTED_VALUE"""),"MARCOS ANTÔNIO TRINDADE DA SILVA") | B75: =IFERROR(__xludf.DUMMYFUNCTION("""COMPUTED_VALUE"""),"Turma B1") | C75: =IFERROR(__xludf.DUMMYFUNCTION("""COMPUTED_VALUE"""),"Vespertino") | D75: Veio
A76: =IFERROR(__xludf.DUMMYFUNCTION("""COMPUTED_VALUE"""),"MARIA CLARA OLIVEIRA MENEZES MARTINS") | B76: =IFERROR(__xludf.DUMMYFUNCTION("""COMPUTED_VALUE"""),"Turma GR") | C76: =IFERROR(__xludf.DUMMYFUNCTION("""COMPUTED_VALUE"""),"Vespertino") | D76: Veio
A77: =IFERROR(__xludf.DUMMYFUNCTION("""COMPUTED_VALUE"""),"MARIA EDUARDA SOBREIRO DA SILVA") | B77: =IFERROR(__xludf.DUMMYFUNCTION("""COMPUTED_VALUE"""),"Turma B1") | C77: =IFERROR(__xludf.DUMMYFUNCTION("""COMPUTED_VALUE"""),"Vespertino") | D77: Veio
A78: =IFERROR(__xludf.DUMMYFUNCTION("""COMPUTED_VALUE"""),"MARIA EMANUELLY CAMARGO GONÇALVES") | B78: =IFERROR(__xludf.DUMMYFUNCTION("""COMPUTED_VALUE"""),"Turma GR") | C78: =IFERROR(__xludf.DUMMYFUNCTION("""COMPUTED_VALUE"""),"Vespertino") | D78: Veio
A79: =IFERROR(__xludf.DUMMYFUNCTION("""COMPUTED_VALUE"""),"MARIA LUIZA ANASTACIO GONÇALVES") | B79: =IFERROR(__xludf.DUMMYFUNCTION("""COMPUTED_VALUE"""),"Turma C") | C79: =IFERROR(__xludf.DUMMYFUNCTION("""COMPUTED_VALUE"""),"Vespertino") | D79: Veio
A80: =IFERROR(__xludf.DUMMYFUNCTION("""COMPUTED_VALUE"""),"MARIA VITÓRIA OLIVEIRA MENEZES MARTINS") | B80: =IFERROR(__xludf.DUMMYFUNCTION("""COMPUTED_VALUE"""),"Turma GR") | C80: =IFERROR(__xludf.DUMMYFUNCTION("""COMPUTED_VALUE"""),"Vespertino") | D80: Veio
A81: =IFERROR(__xludf.DUMMYFUNCTION("""COMPUTED_VALUE"""),"MATHEUS MENDES DA SILVA") | B81: =IFERROR(__xludf.DUMMYFUNCTION("""COMPUTED_VALUE"""),"Turma E") | C81: =IFERROR(__xludf.DUMMYFUNCTION("""COMPUTED_VALUE"""),"Vespertino") | D81: Veio
A82: =IFERROR(__xludf.DUMMYFUNCTION("""COMPUTED_VALUE"""),"Matheus Portugal De Almeida") | B82: =IFERROR(__xludf.DUMMYFUNCTION("""COMPUTED_VALUE"""),"Turma A") | C82: =IFERROR(__xludf.DUMMYFUNCTION("""COMPUTED_VALUE"""),"Matutino") | D82: Veio
A83: =IFERROR(__xludf.DUMMYFUNCTION("""COMPUTED_VALUE"""),"Maycon Antonio Santana Garcia") | B83: =IFERROR(__xludf.DUMMYFUNCTION("""COMPUTED_VALUE"""),"Turma D") | C83: =IFERROR(__xludf.DUMMYFUNCTION("""COMPUTED_VALUE"""),"Vespertino") | D83: Veio
A84: =IFERROR(__xludf.DUMMYFUNCTION("""COMPUTED_VALUE"""),"MAYLON SANTANA GARCIA") | B84: =IFERROR(__xludf.DUMMYFUNCTION("""COMPUTED_VALUE"""),"Turma B1") | C84: =IFERROR(__xludf.DUMMYFUNCTION("""COMPUTED_VALUE"""),"Vespertino") | D84: Veio
A85: =IFERROR(__xludf.DUMMYFUNCTION("""COMPUTED_VALUE"""),"MIGUEL AUGUSTO DE LIMA TRINDADE") | B85: =IFERROR(__xludf.DUMMYFUNCTION("""COMPUTED_VALUE"""),"Turma B1") | C85: =IFERROR(__xludf.DUMMYFUNCTION("""COMPUTED_VALUE"""),"Vespertino") | D85: Veio
A86: =IFERROR(__xludf.DUMMYFUNCTION("""COMPUTED_VALUE"""),"MIGUEL NYKOLAS DUTRA ALMEIDA") | B86: =IFERROR(__xludf.DUMMYFUNCTION("""COMPUTED_VALUE"""),"Turma B1") | C86: =IFERROR(__xludf.DUMMYFUNCTION("""COMPUTED_VALUE"""),"Vespertino") | D86: Veio
A87: =IFERROR(__xludf.DUMMYFUNCTION("""COMPUTED_VALUE"""),"NICOLAS GABRIEL OLIVEIRA BASTIDA") | B87: =IFERROR(__xludf.DUMMYFUNCTION("""COMPUTED_VALUE"""),"Turma E") | C87: =IFERROR(__xludf.DUMMYFUNCTION("""COMPUTED_VALUE"""),"Vespertino") | D87: Veio
A88: =IFERROR(__xludf.DUMMYFUNCTION("""COMPUTED_VALUE"""),"NICOLAS GABRIEL SILVA DE OLIVEIRA") | B88: =IFERROR(__xludf.DUMMYFUNCTION("""COMPUTED_VALUE"""),"Turma D") | C88: =IFERROR(__xludf.DUMMYFUNCTION("""COMPUTED_VALUE"""),"Matutino") | D88: Veio
A89: =IFERROR(__xludf.DUMMYFUNCTION("""COMPUTED_VALUE"""),"NICOLAS GOMES WILSON") | B89: =IFERROR(__xludf.DUMMYFUNCTION("""COMPUTED_VALUE"""),"Turma C") | C89: =IFERROR(__xludf.DUMMYFUNCTION("""COMPUTED_VALUE"""),"Vespertino") | D89: Veio
A90: =IFERROR(__xludf.DUMMYFUNCTION("""COMPUTED_VALUE"""),"Nicolas Gonçalves De Carvalho") | B90: =IFERROR(__xludf.DUMMYFUNCTION("""COMPUTED_VALUE"""),"Turma D") | C90: =IFERROR(__xludf.DUMMYFUNCTION("""COMPUTED_VALUE"""),"Vespertino") | D90: Veio
A91: =IFERROR(__xludf.DUMMYFUNCTION("""COMPUTED_VALUE"""),"NICOLLY DE PAULO DUTRA") | B91: =IFERROR(__xludf.DUMMYFUNCTION("""COMPUTED_VALUE"""),"Turma B1") | C91: =IFERROR(__xludf.DUMMYFUNCTION("""COMPUTED_VALUE"""),"Vespertino") | D91: Veio
A92: =IFERROR(__xludf.DUMMYFUNCTION("""COMPUTED_VALUE"""),"Noah Gomes Wilson") | B92: =IFERROR(__xludf.DUMMYFUNCTION("""COMPUTED_VALUE"""),"Turma C") | C92: =IFERROR(__xludf.DUMMYFUNCTION("""COMPUTED_VALUE"""),"Matutino") | D92: Veio
A93: =IFERROR(__xludf.DUMMYFUNCTION("""COMPUTED_VALUE"""),"Paulo Victor Rosa Da Silva") | B93: =IFERROR(__xludf.DUMMYFUNCTION("""COMPUTED_VALUE"""),"Turma C") | C93: =IFERROR(__xludf.DUMMYFUNCTION("""COMPUTED_VALUE"""),"Matutino") | D93: Veio
A94: =IFERROR(__xludf.DUMMYFUNCTION("""COMPUTED_VALUE"""),"Pétricky Miguel Rodrigues Dos Reis") | B94: =IFERROR(__xludf.DUMMYFUNCTION("""COMPUTED_VALUE"""),"Turma C") | C94: =IFERROR(__xludf.DUMMYFUNCTION("""COMPUTED_VALUE"""),"Matutino") | D94: Veio
A95: =IFERROR(__xludf.DUMMYFUNCTION("""COMPUTED_VALUE"""),"PIETRO FRANCISCO GALVÃO DE JESUS") | B95: =IFERROR(__xludf.DUMMYFUNCTION("""COMPUTED_VALUE"""),"Turma D") | C95: =IFERROR(__xludf.DUMMYFUNCTION("""COMPUTED_VALUE"""),"Matutino") | D95: Veio
A96: =IFERROR(__xludf.DUMMYFUNCTION("""COMPUTED_VALUE"""),"PIETRO HENRIQUE OLIVEIRA JACOMINO") | B96: =IFERROR(__xludf.DUMMYFUNCTION("""COMPUTED_VALUE"""),"Turma A") | C96: =IFERROR(__xludf.DUMMYFUNCTION("""COMPUTED_VALUE"""),"Vespertino") | D96: Veio
A97: =IFERROR(__xludf.DUMMYFUNCTION("""COMPUTED_VALUE"""),"Rafael Rodrigues Ireno") | B97: =IFERROR(__xludf.DUMMYFUNCTION("""COMPUTED_VALUE"""),"Turma C") | C97: =IFERROR(__xludf.DUMMYFUNCTION("""COMPUTED_VALUE"""),"Matutino") | D97: Veio
A98: =IFERROR(__xludf.DUMMYFUNCTION("""COMPUTED_VALUE"""),"REBEKAH HOTTS DE SOUZA") | B98: =IFERROR(__xludf.DUMMYFUNCTION("""COMPUTED_VALUE"""),"Turma GR") | C98: =IFERROR(__xludf.DUMMYFUNCTION("""COMPUTED_VALUE"""),"Vespertino") | D98: Veio
A99: =IFERROR(__xludf.DUMMYFUNCTION("""COMPUTED_VALUE"""),"Reynaldo Mariano De Souza") | B99: =IFERROR(__xludf.DUMMYFUNCTION("""COMPUTED_VALUE"""),"Turma C") | C99: =IFERROR(__xludf.DUMMYFUNCTION("""COMPUTED_VALUE"""),"Matutino") | D99: Veio
A100: =IFERROR(__xludf.DUMMYFUNCTION("""COMPUTED_VALUE"""),"ROSALINA MARQUES PARAÍSO") | B100: =IFERROR(__xludf.DUMMYFUNCTION("""COMPUTED_VALUE"""),"Turma B1") | C100: =IFERROR(__xludf.DUMMYFUNCTION("""COMPUTED_VALUE"""),"Vespertino") | D100: Veio
...

Sheet Queimada
A1: Competidores | B1: Turma | C1: Período | D1: Presente | F1: CONFRONTOS
A2: =IFERROR(__xludf.DUMMYFUNCTION("FILTER(Alunos!A:A, Alunos!$F:$F = ""Participa"")"),"ADILSON EVÊNCIO DA SILVA JUNIOR") | B2: =IFERROR(__xludf.DUMMYFUNCTION("FILTER(Alunos!B:B, Alunos!$F:$F = ""Participa"")"),"Turma E") | C2: =IFERROR(__xludf.DUMMYFUNCTION("FILTER(Alunos!C:C, Alunos!$F:$F = ""Participa"")"),"Matutino") | D2: Veio | F2: Categoria | G2: Turmas | I2: Resultados
A3: =IFERROR(__xludf.DUMMYFUNCTION("""COMPUTED_VALUE"""),"Ágatha Sophhie Da Silva Basílio") | B3: =IFERROR(__xludf.DUMMYFUNCTION("""COMPUTED_VALUE"""),"Turma A") | C3: =IFERROR(__xludf.DUMMYFUNCTION("""COMPUTED_VALUE"""),"Matutino") | D3: Veio | F3: Infantil | G3: A v | H3: B2 m | I3: A v
A4: =IFERROR(__xludf.DUMMYFUNCTION("""COMPUTED_VALUE"""),"ALLAN ALVES RIBEIRO") | B4: =IFERROR(__xludf.DUMMYFUNCTION("""COMPUTED_VALUE"""),"Turma E") | C4: =IFERROR(__xludf.DUMMYFUNCTION("""COMPUTED_VALUE"""),"Vespertino") | D4: Veio | G4: B1 m | H4: B1 v | I4: Empate
A5: =IFERROR(__xludf.DUMMYFUNCTION("""COMPUTED_VALUE"""),"ALLANA FERREIRA DA SILVA") | B5: =IFERROR(__xludf.DUMMYFUNCTION("""COMPUTED_VALUE"""),"Turma B1") | C5: =IFERROR(__xludf.DUMMYFUNCTION("""COMPUTED_VALUE"""),"Vespertino") | D5: Veio | G5: A m | H5: B2 m | I5: A m
A6: =IFERROR(__xludf.DUMMYFUNCTION("""COMPUTED_VALUE"""),"Allana Gonçalves Da Silva") | B6: =IFERROR(__xludf.DUMMYFUNCTION("""COMPUTED_VALUE"""),"Turma C") | C6: =IFERROR(__xludf.DUMMYFUNCTION("""COMPUTED_VALUE"""),"Matutino") | D6: Veio | G6: A v | H6: B1 m | I6: B1 m
A7: =IFERROR(__xludf.DUMMYFUNCTION("""COMPUTED_VALUE"""),"ANA BEATRIZ FLAUZINO DOS SANTOS") | B7: =IFERROR(__xludf.DUMMYFUNCTION("""COMPUTED_VALUE"""),"Turma A") | C7: =IFERROR(__xludf.DUMMYFUNCTION("""COMPUTED_VALUE"""),"Vespertino") | D7: Veio | G7: A m | H7: B1 v | I7: B1 v
A8: =IFERROR(__xludf.DUMMYFUNCTION("""COMPUTED_VALUE"""),"ANA CLARA DE FREITAS TEIXEIRA") | B8: =IFERROR(__xludf.DUMMYFUNCTION("""COMPUTED_VALUE"""),"Turma GR") | C8: =IFERROR(__xludf.DUMMYFUNCTION("""COMPUTED_VALUE"""),"Vespertino") | D8: Veio | G8: B2 m | H8: B1 m | I8: B1 m
A9: =IFERROR(__xludf.DUMMYFUNCTION("""COMPUTED_VALUE"""),"Ana Julia Da Cruz Oliveira") | B9: =IFERROR(__xludf.DUMMYFUNCTION("""COMPUTED_VALUE"""),"Turma A") | C9: =IFERROR(__xludf.DUMMYFUNCTION("""COMPUTED_VALUE"""),"Matutino") | D9: Veio | G9: A m | H9: B1 m | I9: B1 m
A10: =IFERROR(__xludf.DUMMYFUNCTION("""COMPUTED_VALUE"""),"ANA LUIZA DA SILVA BORGES") | B10: =IFERROR(__xludf.DUMMYFUNCTION("""COMPUTED_VALUE"""),"Turma E") | C10: =IFERROR(__xludf.DUMMYFUNCTION("""COMPUTED_VALUE"""),"Matutino") | D10: Veio | G10: B1 v | H10: A v | I10: A v
A11: =IFERROR(__xludf.DUMMYFUNCTION("""COMPUTED_VALUE"""),"Ana Vitória Santana Oliveira Da Silva") | B11: =IFERROR(__xludf.DUMMYFUNCTION("""COMPUTED_VALUE"""),"Turma A") | C11: =IFERROR(__xludf.DUMMYFUNCTION("""COMPUTED_VALUE"""),"Matutino") | D11: Veio | G11: A m | H11: A v | I11: A v
A12: =IFERROR(__xludf.DUMMYFUNCTION("""COMPUTED_VALUE"""),"Andressa Campos De Barros") | B12: =IFERROR(__xludf.DUMMYFUNCTION("""COMPUTED_VALUE"""),"Turma D") | C12: =IFERROR(__xludf.DUMMYFUNCTION("""COMPUTED_VALUE"""),"Vespertino") | D12: Veio | G12: B1 v | H12: B2 m | I12: B1 v
A13: =IFERROR(__xludf.DUMMYFUNCTION("""COMPUTED_VALUE"""),"ANNY HELOISE OLIVEIRA DA SILVA") | B13: =IFERROR(__xludf.DUMMYFUNCTION("""COMPUTED_VALUE"""),"Turma B2") | C13: =IFERROR(__xludf.DUMMYFUNCTION("""COMPUTED_VALUE"""),"Vespertino") | D13: Veio | F13: Juvenil | G13: C m | H13: D v | I13: D v
A14: =IFERROR(__xludf.DUMMYFUNCTION("""COMPUTED_VALUE"""),"ANY GABRIELLY DE ALMEIDA OLIVEIRA") | B14: =IFERROR(__xludf.DUMMYFUNCTION("""COMPUTED_VALUE"""),"Turma E") | C14: =IFERROR(__xludf.DUMMYFUNCTION("""COMPUTED_VALUE"""),"Vespertino") | D14: Veio | G14: C v | H14: D m | I14: D m
A15: =IFERROR(__xludf.DUMMYFUNCTION("""COMPUTED_VALUE"""),"AQUIRIZ ARAUJO DE FREITAS") | B15: =IFERROR(__xludf.DUMMYFUNCTION("""COMPUTED_VALUE"""),"Turma C") | C15: =IFERROR(__xludf.DUMMYFUNCTION("""COMPUTED_VALUE"""),"Vespertino") | D15: Veio | G15: B2 v | H15: D v | I15: D v
A16: =IFERROR(__xludf.DUMMYFUNCTION("""COMPUTED_VALUE"""),"ARTHUR FERREIRA NAPOLEÃO") | B16: =IFERROR(__xludf.DUMMYFUNCTION("""COMPUTED_VALUE"""),"Turma D") | C16: =IFERROR(__xludf.DUMMYFUNCTION("""COMPUTED_VALUE"""),"Matutino") | D16: Veio | G16: C m | H16: C v | I16: C m
A17: =IFERROR(__xludf.DUMMYFUNCTION("""COMPUTED_VALUE"""),"ARTHUR LOPES RODRIGUES NEVES") | B17: =IFERROR(__xludf.DUMMYFUNCTION("""COMPUTED_VALUE"""),"Turma B2") | C17: =IFERROR(__xludf.DUMMYFUNCTION("""COMPUTED_VALUE"""),"Vespertino") | D17: Veio | G17: B2 v | H17: D m | I17: D m
A18: =IFERROR(__xludf.DUMMYFUNCTION("""COMPUTED_VALUE"""),"ARTHUR SANTANA BARBOSA") | B18: =IFERROR(__xludf.DUMMYFUNCTION("""COMPUTED_VALUE"""),"Turma A") | C18: =IFERROR(__xludf.DUMMYFUNCTION("""COMPUTED_VALUE"""),"Vespertino") | D18: Veio | G18: D v | H18: C v | I18: D v
A19: =IFERROR(__xludf.DUMMYFUNCTION("""COMPUTED_VALUE"""),"ASAPH GABRIEL SALES ANICETO") | B19: =IFERROR(__xludf.DUMMYFUNCTION("""COMPUTED_VALUE"""),"Turma B2") | C19: =IFERROR(__xludf.DUMMYFUNCTION("""COMPUTED_VALUE"""),"Matutino") | D19: Veio | G19: B2 v | H19: C v | I19: B2 v
A20: =IFERROR(__xludf.DUMMYFUNCTION("""COMPUTED_VALUE"""),"BEATRIZ COSTA ARAGÃO") | B20: =IFERROR(__xludf.DUMMYFUNCTION("""COMPUTED_VALUE"""),"Turma GR") | C20: =IFERROR(__xludf.DUMMYFUNCTION("""COMPUTED_VALUE"""),"Vespertino") | D20: Veio | G20: D m | H20: C m | I20: C m
A21: =IFERROR(__xludf.DUMMYFUNCTION("""COMPUTED_VALUE"""),"CAIO RUAN GERÔNIMO OLIVEIRA") | B21: =IFERROR(__xludf.DUMMYFUNCTION("""COMPUTED_VALUE"""),"Turma E") | C21: =IFERROR(__xludf.DUMMYFUNCTION("""COMPUTED_VALUE"""),"Matutino") | D21: Veio | G21: B2 v | H21: C m | I21: C m
A22: =IFERROR(__xludf.DUMMYFUNCTION("""COMPUTED_VALUE"""),"CAIO SOUZA PRÓCÓPIO DA SILVA") | B22: =IFERROR(__xludf.DUMMYFUNCTION("""COMPUTED_VALUE"""),"Turma E") | C22: =IFERROR(__xludf.DUMMYFUNCTION("""COMPUTED_VALUE"""),"Matutino") | D22: Veio | G22: D m | H22: D v | I22: D v
A23: =IFERROR(__xludf.DUMMYFUNCTION("""COMPUTED_VALUE"""),"CAMILA BARROSO FERREIRA") | B23: =IFERROR(__xludf.DUMMYFUNCTION("""COMPUTED_VALUE"""),"Turma B2") | C23: =IFERROR(__xludf.DUMMYFUNCTION("""COMPUTED_VALUE"""),"Vespertino") | D23: Veio | F23: Júnior | G23: E m | H23: E v | I23: E v
A24: =IFERROR(__xludf.DUMMYFUNCTION("""COMPUTED_VALUE"""),"CARLOS DANIEL BARROSO FERREIRA") | B24: =IFERROR(__xludf.DUMMYFUNCTION("""COMPUTED_VALUE"""),"Turma C") | C24: =IFERROR(__xludf.DUMMYFUNCTION("""COMPUTED_VALUE"""),"Vespertino") | D24: Veio | G24: GR | H24: E m | I24: E m
A25: =IFERROR(__xludf.DUMMYFUNCTION("""COMPUTED_VALUE"""),"CARLOS EDUARDO GENUINO DE ALENCAR") | B25: =IFERROR(__xludf.DUMMYFUNCTION("""COMPUTED_VALUE"""),"Turma C") | C25: =IFERROR(__xludf.DUMMYFUNCTION("""COMPUTED_VALUE"""),"Vespertino") | D25: Veio | G25: E v | H25: GR | I25: E v
A26: =IFERROR(__xludf.DUMMYFUNCTION("""COMPUTED_VALUE"""),"CARLOS EDUARDO VILLA NOVA DOS SANTOS") | B26: =IFERROR(__xludf.DUMMYFUNCTION("""COMPUTED_VALUE"""),"Turma D") | C26: =IFERROR(__xludf.DUMMYFUNCTION("""COMPUTED_VALUE"""),"Matutino") | D26: Veio
A27: =IFERROR(__xludf.DUMMYFUNCTION("""COMPUTED_VALUE"""),"CAUÃ SOUZA PROCÓPIO DA SILVA") | B27: =IFERROR(__xludf.DUMMYFUNCTION("""COMPUTED_VALUE"""),"Turma A") | C27: =IFERROR(__xludf.DUMMYFUNCTION("""COMPUTED_VALUE"""),"Vespertino") | D27: Veio
A28: =IFERROR(__xludf.DUMMYFUNCTION("""COMPUTED_VALUE"""),"CAUÃ VITORINO HOTTS DA SILVA") | B28: =IFERROR(__xludf.DUMMYFUNCTION("""COMPUTED_VALUE"""),"Turma E") | C28: =IFERROR(__xludf.DUMMYFUNCTION("""COMPUTED_VALUE"""),"Vespertino") | D28: Veio
A29: =IFERROR(__xludf.DUMMYFUNCTION("""COMPUTED_VALUE"""),"CLAUDIA GABRIELY CAMARGO MOREIRA") | B29: =IFERROR(__xludf.DUMMYFUNCTION("""COMPUTED_VALUE"""),"Turma D") | C29: =IFERROR(__xludf.DUMMYFUNCTION("""COMPUTED_VALUE"""),"Matutino") | D29: Veio
A30: =IFERROR(__xludf.DUMMYFUNCTION("""COMPUTED_VALUE"""),"Daffiny De Jesus Silva") | B30: =IFERROR(__xludf.DUMMYFUNCTION("""COMPUTED_VALUE"""),"Turma A") | C30: =IFERROR(__xludf.DUMMYFUNCTION("""COMPUTED_VALUE"""),"Matutino") | D30: Veio
A31: =IFERROR(__xludf.DUMMYFUNCTION("""COMPUTED_VALUE"""),"DANIEL VIEIRA MARTINS") | B31: =IFERROR(__xludf.DUMMYFUNCTION("""COMPUTED_VALUE"""),"Turma B1") | C31: =IFERROR(__xludf.DUMMYFUNCTION("""COMPUTED_VALUE"""),"Matutino") | D31: Veio
A32: =IFERROR(__xludf.DUMMYFUNCTION("""COMPUTED_VALUE"""),"DAVI LORENZO BARBOSA MOREIRA") | B32: =IFERROR(__xludf.DUMMYFUNCTION("""COMPUTED_VALUE"""),"Turma C") | C32: =IFERROR(__xludf.DUMMYFUNCTION("""COMPUTED_VALUE"""),"Vespertino") | D32: Veio
A33: =IFERROR(__xludf.DUMMYFUNCTION("""COMPUTED_VALUE"""),"DAVI LUCAS ALVES DE SOUZA") | B33: =IFERROR(__xludf.DUMMYFUNCTION("""COMPUTED_VALUE"""),"Turma B1") | C33: =IFERROR(__xludf.DUMMYFUNCTION("""COMPUTED_VALUE"""),"Matutino") | D33: Veio
A34: =IFERROR(__xludf.DUMMYFUNCTION("""COMPUTED_VALUE"""),"DAVI LUCAS DE LIMA TRINDADE") | B34: =IFERROR(__xludf.DUMMYFUNCTION("""COMPUTED_VALUE"""),"Turma C") | C34: =IFERROR(__xludf.DUMMYFUNCTION("""COMPUTED_VALUE"""),"Vespertino") | D34: Não Veio
A35: =IFERROR(__xludf.DUMMYFUNCTION("""COMPUTED_VALUE"""),"David William Pimenta Menezes") | B35: =IFERROR(__xludf.DUMMYFUNCTION("""COMPUTED_VALUE"""),"Turma D") | C35: =IFERROR(__xludf.DUMMYFUNCTION("""COMPUTED_VALUE"""),"Vespertino") | D35: Veio
A36: =IFERROR(__xludf.DUMMYFUNCTION("""COMPUTED_VALUE"""),"DAVY CAMPOS BARROS") | B36: =IFERROR(__xludf.DUMMYFUNCTION("""COMPUTED_VALUE"""),"Turma A") | C36: =IFERROR(__xludf.DUMMYFUNCTION("""COMPUTED_VALUE"""),"Vespertino") | D36: Veio
A37: =IFERROR(__xludf.DUMMYFUNCTION("""COMPUTED_VALUE"""),"DAVY THAYLOM OLIVEIRA DOS SANTOS") | B37: =IFERROR(__xludf.DUMMYFUNCTION("""COMPUTED_VALUE"""),"Turma A") | C37: =IFERROR(__xludf.DUMMYFUNCTION("""COMPUTED_VALUE"""),"Vespertino") | D37: Veio
A38: =IFERROR(__xludf.DUMMYFUNCTION("""COMPUTED_VALUE"""),"DERIK PEREIRA VIANA") | B38: =IFERROR(__xludf.DUMMYFUNCTION("""COMPUTED_VALUE"""),"Turma B2") | C38: =IFERROR(__xludf.DUMMYFUNCTION("""COMPUTED_VALUE"""),"Vespertino") | D38: Veio
A39: =IFERROR(__xludf.DUMMYFUNCTION("""COMPUTED_VALUE"""),"DIEGO MARQUES SOUZA DA SILVA") | B39: =IFERROR(__xludf.DUMMYFUNCTION("""COMPUTED_VALUE"""),"Turma E") | C39: =IFERROR(__xludf.DUMMYFUNCTION("""COMPUTED_VALUE"""),"Matutino") | D39: Não Veio
A40: =IFERROR(__xludf.DUMMYFUNCTION("""COMPUTED_VALUE"""),"DIEGO RENAN OLIVEIRA DA SILVA") | B40: =IFERROR(__xludf.DUMMYFUNCTION("""COMPUTED_VALUE"""),"Turma E") | C40: =IFERROR(__xludf.DUMMYFUNCTION("""COMPUTED_VALUE"""),"Vespertino") | D40: Veio
A41: =IFERROR(__xludf.DUMMYFUNCTION("""COMPUTED_VALUE"""),"ELIZEU MURILO JATOBÁ TRINDADE") | B41: =IFERROR(__xludf.DUMMYFUNCTION("""COMPUTED_VALUE"""),"Turma B2") | C41: =IFERROR(__xludf.DUMMYFUNCTION("""COMPUTED_VALUE"""),"Vespertino") | D41: Veio
A42: =IFERROR(__xludf.DUMMYFUNCTION("""COMPUTED_VALUE"""),"EMANIELLY VITÓRIA PORTUGAL DE ALMEIDA") | B42: =IFERROR(__xludf.DUMMYFUNCTION("""COMPUTED_VALUE"""),"Turma C") | C42: =IFERROR(__xludf.DUMMYFUNCTION("""COMPUTED_VALUE"""),"Vespertino") | D42: Veio
A43: =IFERROR(__xludf.DUMMYFUNCTION("""COMPUTED_VALUE"""),"EMANUELLY DA SILVA SANTOS") | B43: =IFERROR(__xludf.DUMMYFUNCTION("""COMPUTED_VALUE"""),"Turma B1") | C43: =IFERROR(__xludf.DUMMYFUNCTION("""COMPUTED_VALUE"""),"Matutino") | D43: Veio
A44: =IFERROR(__xludf.DUMMYFUNCTION("""COMPUTED_VALUE"""),"EMANUELY VITORIA BRITO DOS SANTOS") | B44: =IFERROR(__xludf.DUMMYFUNCTION("""COMPUTED_VALUE"""),"Turma A") | C44: =IFERROR(__xludf.DUMMYFUNCTION("""COMPUTED_VALUE"""),"Vespertino") | D44: Não Veio
A45: =IFERROR(__xludf.DUMMYFUNCTION("""COMPUTED_VALUE"""),"EMILLY VICTÓRIA DO NASCIMENTO BEZERRA") | B45: =IFERROR(__xludf.DUMMYFUNCTION("""COMPUTED_VALUE"""),"Turma B2") | C45: =IFERROR(__xludf.DUMMYFUNCTION("""COMPUTED_VALUE"""),"Vespertino") | D45: Veio
A46: =IFERROR(__xludf.DUMMYFUNCTION("""COMPUTED_VALUE"""),"EMILY VITÓRIA DA SILVA SANTOS") | B46: =IFERROR(__xludf.DUMMYFUNCTION("""COMPUTED_VALUE"""),"Turma GR") | C46: =IFERROR(__xludf.DUMMYFUNCTION("""COMPUTED_VALUE"""),"Vespertino") | D46: Veio
A47: =IFERROR(__xludf.DUMMYFUNCTION("""COMPUTED_VALUE"""),"ENZO GABRIEL ALVES RIBEIRO") | B47: =IFERROR(__xludf.DUMMYFUNCTION("""COMPUTED_VALUE"""),"Turma B1") | C47: =IFERROR(__xludf.DUMMYFUNCTION("""COMPUTED_VALUE"""),"Matutino") | D47: Veio
A48: =IFERROR(__xludf.DUMMYFUNCTION("""COMPUTED_VALUE"""),"ENZO GABRIEL BARBOZA DOS SANTOS") | B48: =IFERROR(__xludf.DUMMYFUNCTION("""COMPUTED_VALUE"""),"Turma B2") | C48: =IFERROR(__xludf.DUMMYFUNCTION("""COMPUTED_VALUE"""),"Matutino") | D48: Veio
A49: =IFERROR(__xludf.DUMMYFUNCTION("""COMPUTED_VALUE"""),"ENZO GABRIEL FERREIRA DOS SANTOS") | B49: =IFERROR(__xludf.DUMMYFUNCTION("""COMPUTED_VALUE"""),"Turma B2") | C49: =IFERROR(__xludf.DUMMYFUNCTION("""COMPUTED_VALUE"""),"Vespertino") | D49: Veio
A50: =IFERROR(__xludf.DUMMYFUNCTION("""COMPUTED_VALUE"""),"ERIK KAUAN DE SOUSA SILVA") | B50: =IFERROR(__xludf.DUMMYFUNCTION("""COMPUTED_VALUE"""),"Turma B1") | C50: =IFERROR(__xludf.DUMMYFUNCTION("""COMPUTED_VALUE"""),"Matutino") | D50: Veio
A51: =IFERROR(__xludf.DUMMYFUNCTION("""COMPUTED_VALUE"""),"EROS PINHEIRO") | B51: =IFERROR(__xludf.DUMMYFUNCTION("""COMPUTED_VALUE"""),"Turma GR") | C51: =IFERROR(__xludf.DUMMYFUNCTION("""COMPUTED_VALUE"""),"Vespertino") | D51: Veio
A52: =IFERROR(__xludf.DUMMYFUNCTION("""COMPUTED_VALUE"""),"Estela Martins Lopes") | B52: =IFERROR(__xludf.DUMMYFUNCTION("""COMPUTED_VALUE"""),"Turma A") | C52: =IFERROR(__xludf.DUMMYFUNCTION("""COMPUTED_VALUE"""),"Matutino") | D52: Veio
A53: =IFERROR(__xludf.DUMMYFUNCTION("""COMPUTED_VALUE"""),"ESTEPHANIE ISADORA SALES ROQUE") | B53: =IFERROR(__xludf.DUMMYFUNCTION("""COMPUTED_VALUE"""),"Turma GR") | C53: =IFERROR(__xludf.DUMMYFUNCTION("""COMPUTED_VALUE"""),"Vespertino") | D53: Veio
A54: =IFERROR(__xludf.DUMMYFUNCTION("""COMPUTED_VALUE"""),"ESTHER PROCOPIO DA SILVA") | B54: =IFERROR(__xludf.DUMMYFUNCTION("""COMPUTED_VALUE"""),"Turma GR") | C54: =IFERROR(__xludf.DUMMYFUNCTION("""COMPUTED_VALUE"""),"Vespertino") | D54: Veio
A55: =IFERROR(__xludf.DUMMYFUNCTION("""COMPUTED_VALUE"""),"Fabrícia Lopes Dos Santos") | B55: =IFERROR(__xludf.DUMMYFUNCTION("""COMPUTED_VALUE"""),"Turma A") | C55: =IFERROR(__xludf.DUMMYFUNCTION("""COMPUTED_VALUE"""),"Matutino") | D55: Veio
A56: =IFERROR(__xludf.DUMMYFUNCTION("""COMPUTED_VALUE"""),"FELIPE LUAN DELGADO DOS SANTOS") | B56: =IFERROR(__xludf.DUMMYFUNCTION("""COMPUTED_VALUE"""),"Turma C") | C56: =IFERROR(__xludf.DUMMYFUNCTION("""COMPUTED_VALUE"""),"Vespertino") | D56: Veio
A57: =IFERROR(__xludf.DUMMYFUNCTION("""COMPUTED_VALUE"""),"GABRIEL SOUZA BRAZ") | B57: =IFERROR(__xludf.DUMMYFUNCTION("""COMPUTED_VALUE"""),"Turma B1") | C57: =IFERROR(__xludf.DUMMYFUNCTION("""COMPUTED_VALUE"""),"Matutino") | D57: Veio
A58: =IFERROR(__xludf.DUMMYFUNCTION("""COMPUTED_VALUE"""),"GLENDA TAWANY RODRIGUES ALVES") | B58: =IFERROR(__xludf.DUMMYFUNCTION("""COMPUTED_VALUE"""),"Turma E") | C58: =IFERROR(__xludf.DUMMYFUNCTION("""COMPUTED_VALUE"""),"Matutino") | D58: Veio
A59: =IFERROR(__xludf.DUMMYFUNCTION("""COMPUTED_VALUE"""),"GUILHERME DE ANDRADE ZENZI") | B59: =IFERROR(__xludf.DUMMYFUNCTION("""COMPUTED_VALUE"""),"Turma E") | C59: =IFERROR(__xludf.DUMMYFUNCTION("""COMPUTED_VALUE"""),"Vespertino") | D59: Veio
A60: =IFERROR(__xludf.DUMMYFUNCTION("""COMPUTED_VALUE"""),"GUSTAVO GALVÃO DE JESUS") | B60: =IFERROR(__xludf.DUMMYFUNCTION("""COMPUTED_VALUE"""),"Turma D") | C60: =IFERROR(__xludf.DUMMYFUNCTION("""COMPUTED_VALUE"""),"Matutino") | D60: Veio
A61: =IFERROR(__xludf.DUMMYFUNCTION("""COMPUTED_VALUE"""),"Heitor Miguel Barbosa De Melo Ferreira") | B61: =IFERROR(__xludf.DUMMYFUNCTION("""COMPUTED_VALUE"""),"Turma C") | C61: =IFERROR(__xludf.DUMMYFUNCTION("""COMPUTED_VALUE"""),"Matutino") | D61: Veio
A62: =IFERROR(__xludf.DUMMYFUNCTION("""COMPUTED_VALUE"""),"HELLOARA SANTOS DE LIMA") | B62: =IFERROR(__xludf.DUMMYFUNCTION("""COMPUTED_VALUE"""),"Turma B2") | C62: =IFERROR(__xludf.DUMMYFUNCTION("""COMPUTED_VALUE"""),"Matutino") | D62: Veio
A63: =IFERROR(__xludf.DUMMYFUNCTION("""COMPUTED_VALUE"""),"HELOISE VITÓRIA ALVES DE SOUZA") | B63: =IFERROR(__xludf.DUMMYFUNCTION("""COMPUTED_VALUE"""),"Turma E") | C63: =IFERROR(__xludf.DUMMYFUNCTION("""COMPUTED_VALUE"""),"Matutino") | D63: Veio
A64: =IFERROR(__xludf.DUMMYFUNCTION("""COMPUTED_VALUE"""),"HELOYSA FERNANDA ALVARENGA DOS SANTOS") | B64: =IFERROR(__xludf.DUMMYFUNCTION("""COMPUTED_VALUE"""),"Turma B1") | C64: =IFERROR(__xludf.DUMMYFUNCTION("""COMPUTED_VALUE"""),"Vespertino") | D64: Veio
A65: =IFERROR(__xludf.DUMMYFUNCTION("""COMPUTED_VALUE"""),"Henrique Rocha Almeida") | B65: =IFERROR(__xludf.DUMMYFUNCTION("""COMPUTED_VALUE"""),"Turma D") | C65: =IFERROR(__xludf.DUMMYFUNCTION("""COMPUTED_VALUE"""),"Vespertino") | D65: Veio
A66: =IFERROR(__xludf.DUMMYFUNCTION("""COMPUTED_VALUE"""),"Higor Santiago Castro Farfan") | B66: =IFERROR(__xludf.DUMMYFUNCTION("""COMPUTED_VALUE"""),"Turma GR") | C66: =IFERROR(__xludf.DUMMYFUNCTION("""COMPUTED_VALUE"""),"Vespertino") | D66: Veio
A67: =IFERROR(__xludf.DUMMYFUNCTION("""COMPUTED_VALUE"""),"HIURY QUENUPE DE OLIVEIRA") | B67: =IFERROR(__xludf.DUMMYFUNCTION("""COMPUTED_VALUE"""),"Turma E") | C67: =IFERROR(__xludf.DUMMYFUNCTION("""COMPUTED_VALUE"""),"Matutino") | D67: Veio
A68: =IFERROR(__xludf.DUMMYFUNCTION("""COMPUTED_VALUE"""),"IARA YASMIN FERREIRA IZEL") | B68: =IFERROR(__xludf.DUMMYFUNCTION("""COMPUTED_VALUE"""),"Turma B1") | C68: =IFERROR(__xludf.DUMMYFUNCTION("""COMPUTED_VALUE"""),"Vespertino") | D68: Veio
A69: =IFERROR(__xludf.DUMMYFUNCTION("""COMPUTED_VALUE"""),"ISABELLA MARA RODRIGUES SILVA") | B69: =IFERROR(__xludf.DUMMYFUNCTION("""COMPUTED_VALUE"""),"Turma C") | C69: =IFERROR(__xludf.DUMMYFUNCTION("""COMPUTED_VALUE"""),"Vespertino") | D69: Veio
A70: =IFERROR(__xludf.DUMMYFUNCTION("""COMPUTED_VALUE"""),"ISABELLA MIRANDA DA SILVA") | B70: =IFERROR(__xludf.DUMMYFUNCTION("""COMPUTED_VALUE"""),"Turma B1") | C70: =IFERROR(__xludf.DUMMYFUNCTION("""COMPUTED_VALUE"""),"Vespertino") | D70: Veio
A71: =IFERROR(__xludf.DUMMYFUNCTION("""COMPUTED_VALUE"""),"ISIS EDUARDA ALMEIDA MOITINHO") | B71: =IFERROR(__xludf.DUMMYFUNCTION("""COMPUTED_VALUE"""),"Turma A") | C71: =IFERROR(__xludf.DUMMYFUNCTION("""COMPUTED_VALUE"""),"Vespertino") | D71: Veio
A72: =IFERROR(__xludf.DUMMYFUNCTION("""COMPUTED_VALUE"""),"Izaque Henrique Verdan Francisco") | B72: =IFERROR(__xludf.DUMMYFUNCTION("""COMPUTED_VALUE"""),"Turma A") | C72: =IFERROR(__xludf.DUMMYFUNCTION("""COMPUTED_VALUE"""),"Matutino") | D72: Veio
A73: =IFERROR(__xludf.DUMMYFUNCTION("""COMPUTED_VALUE"""),"JANAÍNA ARRUDA BONIN") | B73: =IFERROR(__xludf.DUMMYFUNCTION("""COMPUTED_VALUE"""),"Turma B2") | C73: =IFERROR(__xludf.DUMMYFUNCTION("""COMPUTED_VALUE"""),"Matutino") | D73: Veio
A74: =IFERROR(__xludf.DUMMYFUNCTION("""COMPUTED_VALUE"""),"JOÃO PAULO LOPES PINHEIRO") | B74: =IFERROR(__xludf.DUMMYFUNCTION("""COMPUTED_VALUE"""),"Turma B1") | C74: =IFERROR(__xludf.DUMMYFUNCTION("""COMPUTED_VALUE"""),"Matutino") | D74: Veio
A75: =IFERROR(__xludf.DUMMYFUNCTION("""COMPUTED_VALUE"""),"JOÃO PEDRO JESUS SOUZA") | B75: =IFERROR(__xludf.DUMMYFUNCTION("""COMPUTED_VALUE"""),"Turma E") | C75: =IFERROR(__xludf.DUMMYFUNCTION("""COMPUTED_VALUE"""),"Vespertino") | D75: Veio
A76: =IFERROR(__xludf.DUMMYFUNCTION("""COMPUTED_VALUE"""),"JOÃO VICTOR CAETANO COELHO") | B76: =IFERROR(__xludf.DUMMYFUNCTION("""COMPUTED_VALUE"""),"Turma E") | C76: =IFERROR(__xludf.DUMMYFUNCTION("""COMPUTED_VALUE"""),"Matutino") | D76: Veio
A77: =IFERROR(__xludf.DUMMYFUNCTION("""COMPUTED_VALUE"""),"JOÃO VITOR GODOY ARAÚJO") | B77: =IFERROR(__xludf.DUMMYFUNCTION("""COMPUTED_VALUE"""),"Turma A") | C77: =IFERROR(__xludf.DUMMYFUNCTION("""COMPUTED_VALUE"""),"Vespertino") | D77: Não Veio
A78: =IFERROR(__xludf.DUMMYFUNCTION("""COMPUTED_VALUE"""),"Joaquim Miguel Silva Melo") | B78: =IFERROR(__xludf.DUMMYFUNCTION("""COMPUTED_VALUE"""),"Turma C") | C78: =IFERROR(__xludf.DUMMYFUNCTION("""COMPUTED_VALUE"""),"Matutino") | D78: Veio
A79: =IFERROR(__xludf.DUMMYFUNCTION("""COMPUTED_VALUE"""),"JOSÉ GABRIEL NEVES OLIVEIRA") | B79: =IFERROR(__xludf.DUMMYFUNCTION("""COMPUTED_VALUE"""),"Turma B2") | C79: =IFERROR(__xludf.DUMMYFUNCTION("""COMPUTED_VALUE"""),"Vespertino") | D79: Veio
A80: =IFERROR(__xludf.DUMMYFUNCTION("""COMPUTED_VALUE"""),"Jovana Victória Mendes De Macedo") | B80: =IFERROR(__xludf.DUMMYFUNCTION("""COMPUTED_VALUE"""),"Turma C") | C80: =IFERROR(__xludf.DUMMYFUNCTION("""COMPUTED_VALUE"""),"Matutino") | D80: Veio
A81: =IFERROR(__xludf.DUMMYFUNCTION("""COMPUTED_VALUE"""),"Julia Emanuelly Lavratti Oliveira") | B81: =IFERROR(__xludf.DUMMYFUNCTION("""COMPUTED_VALUE"""),"Turma A") | C81: =IFERROR(__xludf.DUMMYFUNCTION("""COMPUTED_VALUE"""),"Matutino") | D81: Veio
A82: =IFERROR(__xludf.DUMMYFUNCTION("""COMPUTED_VALUE"""),"JULIANO HENRIQUE GONÇALVES DA SILVA") | B82: =IFERROR(__xludf.DUMMYFUNCTION("""COMPUTED_VALUE"""),"Turma B2") | C82: =IFERROR(__xludf.DUMMYFUNCTION("""COMPUTED_VALUE"""),"Vespertino") | D82: Veio
A83: =IFERROR(__xludf.DUMMYFUNCTION("""COMPUTED_VALUE"""),"Kamilly Alves De Souza") | B83: =IFERROR(__xludf.DUMMYFUNCTION("""COMPUTED_VALUE"""),"Turma A") | C83: =IFERROR(__xludf.DUMMYFUNCTION("""COMPUTED_VALUE"""),"Matutino") | D83: Veio
A84: =IFERROR(__xludf.DUMMYFUNCTION("""COMPUTED_VALUE"""),"Kamily Barbosa Lemes") | B84: =IFERROR(__xludf.DUMMYFUNCTION("""COMPUTED_VALUE"""),"Turma C") | C84: =IFERROR(__xludf.DUMMYFUNCTION("""COMPUTED_VALUE"""),"Matutino") | D84: Veio
A85: =IFERROR(__xludf.DUMMYFUNCTION("""COMPUTED_VALUE"""),"KETILEN LORRAYNE DOS SANTOS BATISTA") | B85: =IFERROR(__xludf.DUMMYFUNCTION("""COMPUTED_VALUE"""),"Turma C") | C85: =IFERROR(__xludf.DUMMYFUNCTION("""COMPUTED_VALUE"""),"Vespertino") | D85: Veio
A86: =IFERROR(__xludf.DUMMYFUNCTION("""COMPUTED_VALUE"""),"KETLEN LORRANE DO NASCIMENTO DA SILVA") | B86: =IFERROR(__xludf.DUMMYFUNCTION("""COMPUTED_VALUE"""),"Turma E") | C86: =IFERROR(__xludf.DUMMYFUNCTION("""COMPUTED_VALUE"""),"Matutino") | D86: Veio
A87: =IFERROR(__xludf.DUMMYFUNCTION("""COMPUTED_VALUE"""),"KETTLY VITÓRIA ALVES DA SILVA") | B87: =IFERROR(__xludf.DUMMYFUNCTION("""COMPUTED_VALUE"""),"Turma E") | C87: =IFERROR(__xludf.DUMMYFUNCTION("""COMPUTED_VALUE"""),"Matutino") | D87: Veio
A88: =IFERROR(__xludf.DUMMYFUNCTION("""COMPUTED_VALUE"""),"Larissa Gabriela Lopes Kubota") | B88: =IFERROR(__xludf.DUMMYFUNCTION("""COMPUTED_VALUE"""),"Turma C") | C88: =IFERROR(__xludf.DUMMYFUNCTION("""COMPUTED_VALUE"""),"Matutino") | D88: Veio
A89: =IFERROR(__xludf.DUMMYFUNCTION("""COMPUTED_VALUE"""),"LAURA SOPHIE DA SILVA NASCIMENTO") | B89: =IFERROR(__xludf.DUMMYFUNCTION("""COMPUTED_VALUE"""),"Turma B2") | C89: =IFERROR(__xludf.DUMMYFUNCTION("""COMPUTED_VALUE"""),"Vespertino") | D89: Veio
A90: =IFERROR(__xludf.DUMMYFUNCTION("""COMPUTED_VALUE"""),"Leticia Carolinny Alvarenga Dos Santos") | B90: =IFERROR(__xludf.DUMMYFUNCTION("""COMPUTED_VALUE"""),"Turma D") | C90: =IFERROR(__xludf.DUMMYFUNCTION("""COMPUTED_VALUE"""),"Vespertino") | D90: Veio
A91: =IFERROR(__xludf.DUMMYFUNCTION("""COMPUTED_VALUE"""),"LOGAN ARAUJO ALCANTARA") | B91: =IFERROR(__xludf.DUMMYFUNCTION("""COMPUTED_VALUE"""),"Turma D") | C91: =IFERROR(__xludf.DUMMYFUNCTION("""COMPUTED_VALUE"""),"Matutino") | D91: Veio
A92: =IFERROR(__xludf.DUMMYFUNCTION("""COMPUTED_VALUE"""),"Lorena De Paiva Leite") | B92: =IFERROR(__xludf.DUMMYFUNCTION("""COMPUTED_VALUE"""),"Turma D") | C92: =IFERROR(__xludf.DUMMYFUNCTION("""COMPUTED_VALUE"""),"Vespertino") | D92: Veio
A93: =IFERROR(__xludf.DUMMYFUNCTION("""COMPUTED_VALUE"""),"LUANA DO NASCIMENTO FERNANDES") | B93: =IFERROR(__xludf.DUMMYFUNCTION("""COMPUTED_VALUE"""),"Turma B2") | C93: =IFERROR(__xludf.DUMMYFUNCTION("""COMPUTED_VALUE"""),"Vespertino") | D93: Veio
A94: =IFERROR(__xludf.DUMMYFUNCTION("""COMPUTED_VALUE"""),"LUANA SOUSA RIVA") | B94: =IFERROR(__xludf.DUMMYFUNCTION("""COMPUTED_VALUE"""),"Turma B1") | C94: =IFERROR(__xludf.DUMMYFUNCTION("""COMPUTED_VALUE"""),"Matutino") | D94: Veio
A95: =IFERROR(__xludf.DUMMYFUNCTION("""COMPUTED_VALUE"""),"LUANA TOMAZ ROVER") | B95: =IFERROR(__xludf.DUMMYFUNCTION("""COMPUTED_VALUE"""),"Turma D") | C95: =IFERROR(__xludf.DUMMYFUNCTION("""COMPUTED_VALUE"""),"Matutino") | D95: Não Veio
A96: =IFERROR(__xludf.DUMMYFUNCTION("""COMPUTED_VALUE"""),"Luis Felipe Camargo Moreira") | B96: =IFERROR(__xludf.DUMMYFUNCTION("""COMPUTED_VALUE"""),"Turma D") | C96: =IFERROR(__xludf.DUMMYFUNCTION("""COMPUTED_VALUE"""),"Vespertino") | D96: Veio
A97: =IFERROR(__xludf.DUMMYFUNCTION("""COMPUTED_VALUE"""),"LUIZ FELIPE POLICARPO DOS SANTOS") | B97: =IFERROR(__xludf.DUMMYFUNCTION("""COMPUTED_VALUE"""),"Turma A") | C97: =IFERROR(__xludf.DUMMYFUNCTION("""COMPUTED_VALUE"""),"Vespertino") | D97: Veio
A98: =IFERROR(__xludf.DUMMYFUNCTION("""COMPUTED_VALUE"""),"Luiz Fernando Garcia De Souza") | B98: =IFERROR(__xludf.DUMMYFUNCTION("""COMPUTED_VALUE"""),"Turma C") | C98: =IFERROR(__xludf.DUMMYFUNCTION("""COMPUTED_VALUE"""),"Matutino") | D98: Veio
A99: =IFERROR(__xludf.DUMMYFUNCTION("""COMPUTED_VALUE"""),"Maíne Pereira De Azevedo") | B99: =IFERROR(__xludf.DUMMYFUNCTION("""COMPUTED_VALUE"""),"Turma C") | C99: =IFERROR(__xludf.DUMMYFUNCTION("""COMPUTED_VALUE"""),"Matutino") | D99: Veio
A100: =IFERROR(__xludf.DUMMYFUNCTION("""COMPUTED_VALUE"""),"MAISA RODRIGUES ALVES") | B100: =IFERROR(__xludf.DUMMYFUNCTION("""COMPUTED_VALUE"""),"Turma C") | C100: =IFERROR(__xludf.DUMMYFUNCTION("""COMPUTED_VALUE"""),"Vespertino") | D100: Não Veio
...

Sheet Rouba-Bandeira
A1: Competidores | B1: Turma | C1: Período | D1: Presente | F1: CONFRONTOS
A2: =IFERROR(__xludf.DUMMYFUNCTION("FILTER(Alunos!A:A, Alunos!$G:$G = ""Participa"")"),"ADILSON EVÊNCIO DA SILVA JUNIOR") | B2: =IFERROR(__xludf.DUMMYFUNCTION("FILTER(Alunos!B:B, Alunos!$G:$G = ""Participa"")"),"Turma E") | C2: =IFERROR(__xludf.DUMMYFUNCTION("FILTER(Alunos!C:C, Alunos!$G:$G = ""Participa"")"),"Matutino") | D2: Veio | F2: Categoria | G2: Turmas | I2: Resultados
A3: =IFERROR(__xludf.DUMMYFUNCTION("""COMPUTED_VALUE"""),"AGATA LORRAINE ARAÚJO DA COSTA") | B3: =IFERROR(__xludf.DUMMYFUNCTION("""COMPUTED_VALUE"""),"Turma A") | C3: =IFERROR(__xludf.DUMMYFUNCTION("""COMPUTED_VALUE"""),"Vespertino") | D3: Veio | F3: Infantil | G3: A v | H3: B2 m | I3: A v
A4: =IFERROR(__xludf.DUMMYFUNCTION("""COMPUTED_VALUE"""),"Ágatha Sophhie Da Silva Basílio") | B4: =IFERROR(__xludf.DUMMYFUNCTION("""COMPUTED_VALUE"""),"Turma A") | C4: =IFERROR(__xludf.DUMMYFUNCTION("""COMPUTED_VALUE"""),"Matutino") | D4: Veio | G4: B1 m | H4: B1 v | I4: Empate
A5: =IFERROR(__xludf.DUMMYFUNCTION("""COMPUTED_VALUE"""),"ALLAN ALVES RIBEIRO") | B5: =IFERROR(__xludf.DUMMYFUNCTION("""COMPUTED_VALUE"""),"Turma E") | C5: =IFERROR(__xludf.DUMMYFUNCTION("""COMPUTED_VALUE"""),"Vespertino") | D5: Veio | G5: A m | H5: B2 m | I5: A m
A6: =IFERROR(__xludf.DUMMYFUNCTION("""COMPUTED_VALUE"""),"ALLANA FERREIRA DA SILVA") | B6: =IFERROR(__xludf.DUMMYFUNCTION("""COMPUTED_VALUE"""),"Turma B1") | C6: =IFERROR(__xludf.DUMMYFUNCTION("""COMPUTED_VALUE"""),"Vespertino") | D6: Veio | G6: A v | H6: B1 m | I6: B1 m
A7: =IFERROR(__xludf.DUMMYFUNCTION("""COMPUTED_VALUE"""),"Allana Gonçalves Da Silva") | B7: =IFERROR(__xludf.DUMMYFUNCTION("""COMPUTED_VALUE"""),"Turma C") | C7: =IFERROR(__xludf.DUMMYFUNCTION("""COMPUTED_VALUE"""),"Matutino") | D7: Veio | G7: A m | H7: B1 v | I7: B1 v | K7: Aluno (n/d) não joga B2
A8: =IFERROR(__xludf.DUMMYFUNCTION("""COMPUTED_VALUE"""),"ANA BEATRIZ FLAUZINO DOS SANTOS") | B8: =IFERROR(__xludf.DUMMYFUNCTION("""COMPUTED_VALUE"""),"Turma A") | C8: =IFERROR(__xludf.DUMMYFUNCTION("""COMPUTED_VALUE"""),"Vespertino") | D8: Não Veio | G8: B2 m | H8: B1 m | I8: B1 m
A9: =IFERROR(__xludf.DUMMYFUNCTION("""COMPUTED_VALUE"""),"ANA CLARA DE FREITAS TEIXEIRA") | B9: =IFERROR(__xludf.DUMMYFUNCTION("""COMPUTED_VALUE"""),"Turma GR") | C9: =IFERROR(__xludf.DUMMYFUNCTION("""COMPUTED_VALUE"""),"Vespertino") | D9: Veio | G9: A m | H9: B1 m | I9: B1 m
A10: =IFERROR(__xludf.DUMMYFUNCTION("""COMPUTED_VALUE"""),"Ana Julia Da Cruz Oliveira") | B10: =IFERROR(__xludf.DUMMYFUNCTION("""COMPUTED_VALUE"""),"Turma A") | C10: =IFERROR(__xludf.DUMMYFUNCTION("""COMPUTED_VALUE"""),"Matutino") | D10: Veio | G10: B1 v | H10: A v | I10: B1 v
A11: =IFERROR(__xludf.DUMMYFUNCTION("""COMPUTED_VALUE"""),"ANA LUIZA DA SILVA BORGES") | B11: =IFERROR(__xludf.DUMMYFUNCTION("""COMPUTED_VALUE"""),"Turma E") | C11: =IFERROR(__xludf.DUMMYFUNCTION("""COMPUTED_VALUE"""),"Matutino") | D11: Veio | G11: A m | H11: A v | I11: A v
A12: =IFERROR(__xludf.DUMMYFUNCTION("""COMPUTED_VALUE"""),"Ana Vitória Santana Oliveira Da Silva") | B12: =IFERROR(__xludf.DUMMYFUNCTION("""COMPUTED_VALUE"""),"Turma A") | C12: =IFERROR(__xludf.DUMMYFUNCTION("""COMPUTED_VALUE"""),"Matutino") | D12: Não Veio | G12: B1 v | H12: B2 m | I12: B1 v | K12: Aluno (n/d) turma Dv - Aluno (n/d) de Aluno (n/d)
A13: =IFERROR(__xludf.DUMMYFUNCTION("""COMPUTED_VALUE"""),"Andressa Campos De Barros") | B13: =IFERROR(__xludf.DUMMYFUNCTION("""COMPUTED_VALUE"""),"Turma D") | C13: =IFERROR(__xludf.DUMMYFUNCTION("""COMPUTED_VALUE"""),"Vespertino") | D13: Veio | F13: Juvenil | G13: C m | H13: D v | I13: Empate
A14: =IFERROR(__xludf.DUMMYFUNCTION("""COMPUTED_VALUE"""),"ANNY HELOISE OLIVEIRA DA SILVA") | B14: =IFERROR(__xludf.DUMMYFUNCTION("""COMPUTED_VALUE"""),"Turma B2") | C14: =IFERROR(__xludf.DUMMYFUNCTION("""COMPUTED_VALUE"""),"Vespertino") | D14: Veio | G14: C v | H14: D m | I14: C v
A15: =IFERROR(__xludf.DUMMYFUNCTION("""COMPUTED_VALUE"""),"AQUIRIZ ARAUJO DE FREITAS") | B15: =IFERROR(__xludf.DUMMYFUNCTION("""COMPUTED_VALUE"""),"Turma C") | C15: =IFERROR(__xludf.DUMMYFUNCTION("""COMPUTED_VALUE"""),"Vespertino") | D15: Veio | G15: B2 v | H15: D v | I15: B2 v
A16: =IFERROR(__xludf.DUMMYFUNCTION("""COMPUTED_VALUE"""),"ARTHUR FERREIRA NAPOLEÃO") | B16: =IFERROR(__xludf.DUMMYFUNCTION("""COMPUTED_VALUE"""),"Turma D") | C16: =IFERROR(__xludf.DUMMYFUNCTION("""COMPUTED_VALUE"""),"Matutino") | D16: Veio | G16: C m | H16: C v | I16: Empate
A17: =IFERROR(__xludf.DUMMYFUNCTION("""COMPUTED_VALUE"""),"ARTHUR LOPES RODRIGUES NEVES") | B17: =IFERROR(__xludf.DUMMYFUNCTION("""COMPUTED_VALUE"""),"Turma B2") | C17: =IFERROR(__xludf.DUMMYFUNCTION("""COMPUTED_VALUE"""),"Vespertino") | D17: Não Veio | G17: B2 v | H17: D m | I17: Empate
A18: =IFERROR(__xludf.DUMMYFUNCTION("""COMPUTED_VALUE"""),"ARTHUR SANTANA BARBOSA") | B18: =IFERROR(__xludf.DUMMYFUNCTION("""COMPUTED_VALUE"""),"Turma A") | C18: =IFERROR(__xludf.DUMMYFUNCTION("""COMPUTED_VALUE"""),"Vespertino") | D18: Veio | G18: D v | H18: C v | I18: Empate
A19: =IFERROR(__xludf.DUMMYFUNCTION("""COMPUTED_VALUE"""),"ASAPH GABRIEL SALES ANICETO") | B19: =IFERROR(__xludf.DUMMYFUNCTION("""COMPUTED_VALUE"""),"Turma B2") | C19: =IFERROR(__xludf.DUMMYFUNCTION("""COMPUTED_VALUE"""),"Matutino") | D19: Veio | G19: B2 v | H19: C v | I19: Empate
A20: =IFERROR(__xludf.DUMMYFUNCTION("""COMPUTED_VALUE"""),"BEATRIZ COSTA ARAGÃO") | B20: =IFERROR(__xludf.DUMMYFUNCTION("""COMPUTED_VALUE"""),"Turma GR") | C20: =IFERROR(__xludf.DUMMYFUNCTION("""COMPUTED_VALUE"""),"Vespertino") | D20: Veio | G20: D m | H20: C m | I20: Empate
A21: =IFERROR(__xludf.DUMMYFUNCTION("""COMPUTED_VALUE"""),"CAIO RUAN GERÔNIMO OLIVEIRA") | B21: =IFERROR(__xludf.DUMMYFUNCTION("""COMPUTED_VALUE"""),"Turma E") | C21: =IFERROR(__xludf.DUMMYFUNCTION("""COMPUTED_VALUE"""),"Matutino") | D21: Veio | G21: B2 v | H21: C m | I21: C m
A22: =IFERROR(__xludf.DUMMYFUNCTION("""COMPUTED_VALUE"""),"CAIO SOUZA PRÓCÓPIO DA SILVA") | B22: =IFERROR(__xludf.DUMMYFUNCTION("""COMPUTED_VALUE"""),"Turma E") | C22: =IFERROR(__xludf.DUMMYFUNCTION("""COMPUTED_VALUE"""),"Matutino") | D22: Veio | G22: D m | H22: D v | I22: D v
A23: =IFERROR(__xludf.DUMMYFUNCTION("""COMPUTED_VALUE"""),"CAMILA BARROSO FERREIRA") | B23: =IFERROR(__xludf.DUMMYFUNCTION("""COMPUTED_VALUE"""),"Turma B2") | C23: =IFERROR(__xludf.DUMMYFUNCTION("""COMPUTED_VALUE"""),"Vespertino") | D23: Veio | F23: Júnior | G23: E m | H23: E v | I23: Empate
A24: =IFERROR(__xludf.DUMMYFUNCTION("""COMPUTED_VALUE"""),"CARLOS DANIEL BARROSO FERREIRA") | B24: =IFERROR(__xludf.DUMMYFUNCTION("""COMPUTED_VALUE"""),"Turma C") | C24: =IFERROR(__xludf.DUMMYFUNCTION("""COMPUTED_VALUE"""),"Vespertino") | D24: Veio | G24: GR | H24: E m | I24: Empate
A25: =IFERROR(__xludf.DUMMYFUNCTION("""COMPUTED_VALUE"""),"CARLOS EDUARDO GENUINO DE ALENCAR") | B25: =IFERROR(__xludf.DUMMYFUNCTION("""COMPUTED_VALUE"""),"Turma C") | C25: =IFERROR(__xludf.DUMMYFUNCTION("""COMPUTED_VALUE"""),"Vespertino") | D25: Veio | G25: E v | H25: GR | I25: Empate
A26: =IFERROR(__xludf.DUMMYFUNCTION("""COMPUTED_VALUE"""),"CARLOS EDUARDO VILLA NOVA DOS SANTOS") | B26: =IFERROR(__xludf.DUMMYFUNCTION("""COMPUTED_VALUE"""),"Turma D") | C26: =IFERROR(__xludf.DUMMYFUNCTION("""COMPUTED_VALUE"""),"Matutino") | D26: Veio
A27: =IFERROR(__xludf.DUMMYFUNCTION("""COMPUTED_VALUE"""),"CAUÃ SOUZA PROCÓPIO DA SILVA") | B27: =IFERROR(__xludf.DUMMYFUNCTION("""COMPUTED_VALUE"""),"Turma A") | C27: =IFERROR(__xludf.DUMMYFUNCTION("""COMPUTED_VALUE"""),"Vespertino") | D27: Veio
A28: =IFERROR(__xludf.DUMMYFUNCTION("""COMPUTED_VALUE"""),"CAUÃ VITORINO HOTTS DA SILVA") | B28: =IFERROR(__xludf.DUMMYFUNCTION("""COMPUTED_VALUE"""),"Turma E") | C28: =IFERROR(__xludf.DUMMYFUNCTION("""COMPUTED_VALUE"""),"Vespertino") | D28: Veio
A29: =IFERROR(__xludf.DUMMYFUNCTION("""COMPUTED_VALUE"""),"CLAUDIA GABRIELY CAMARGO MOREIRA") | B29: =IFERROR(__xludf.DUMMYFUNCTION("""COMPUTED_VALUE"""),"Turma D") | C29: =IFERROR(__xludf.DUMMYFUNCTION("""COMPUTED_VALUE"""),"Matutino") | D29: Veio
A30: =IFERROR(__xludf.DUMMYFUNCTION("""COMPUTED_VALUE"""),"Daffiny De Jesus Silva") | B30: =IFERROR(__xludf.DUMMYFUNCTION("""COMPUTED_VALUE"""),"Turma A") | C30: =IFERROR(__xludf.DUMMYFUNCTION("""COMPUTED_VALUE"""),"Matutino") | D30: Veio
A31: =IFERROR(__xludf.DUMMYFUNCTION("""COMPUTED_VALUE"""),"DANIEL VIEIRA MARTINS") | B31: =IFERROR(__xludf.DUMMYFUNCTION("""COMPUTED_VALUE"""),"Turma B1") | C31: =IFERROR(__xludf.DUMMYFUNCTION("""COMPUTED_VALUE"""),"Matutino") | D31: Veio
A32: =IFERROR(__xludf.DUMMYFUNCTION("""COMPUTED_VALUE"""),"DAVI LORENZO BARBOSA MOREIRA") | B32: =IFERROR(__xludf.DUMMYFUNCTION("""COMPUTED_VALUE"""),"Turma C") | C32: =IFERROR(__xludf.DUMMYFUNCTION("""COMPUTED_VALUE"""),"Vespertino") | D32: Veio
A33: =IFERROR(__xludf.DUMMYFUNCTION("""COMPUTED_VALUE"""),"DAVI LUCAS ALVES DE SOUZA") | B33: =IFERROR(__xludf.DUMMYFUNCTION("""COMPUTED_VALUE"""),"Turma B1") | C33: =IFERROR(__xludf.DUMMYFUNCTION("""COMPUTED_VALUE"""),"Matutino") | D33: Não Veio
A34: =IFERROR(__xludf.DUMMYFUNCTION("""COMPUTED_VALUE"""),"DAVI LUCAS DE LIMA TRINDADE") | B34: =IFERROR(__xludf.DUMMYFUNCTION("""COMPUTED_VALUE"""),"Turma C") | C34: =IFERROR(__xludf.DUMMYFUNCTION("""COMPUTED_VALUE"""),"Vespertino") | D34: Veio
A35: =IFERROR(__xludf.DUMMYFUNCTION("""COMPUTED_VALUE"""),"David William Pimenta Menezes") | B35: =IFERROR(__xludf.DUMMYFUNCTION("""COMPUTED_VALUE"""),"Turma D") | C35: =IFERROR(__xludf.DUMMYFUNCTION("""COMPUTED_VALUE"""),"Vespertino") | D35: Veio
A36: =IFERROR(__xludf.DUMMYFUNCTION("""COMPUTED_VALUE"""),"DAVY CAMPOS BARROS") | B36: =IFERROR(__xludf.DUMMYFUNCTION("""COMPUTED_VALUE"""),"Turma A") | C36: =IFERROR(__xludf.DUMMYFUNCTION("""COMPUTED_VALUE"""),"Vespertino") | D36: Veio
A37: =IFERROR(__xludf.DUMMYFUNCTION("""COMPUTED_VALUE"""),"DAVY THAYLOM OLIVEIRA DOS SANTOS") | B37: =IFERROR(__xludf.DUMMYFUNCTION("""COMPUTED_VALUE"""),"Turma A") | C37: =IFERROR(__xludf.DUMMYFUNCTION("""COMPUTED_VALUE"""),"Vespertino") | D37: Veio
A38: =IFERROR(__xludf.DUMMYFUNCTION("""COMPUTED_VALUE"""),"DERIK PEREIRA VIANA") | B38: =IFERROR(__xludf.DUMMYFUNCTION("""COMPUTED_VALUE"""),"Turma B2") | C38: =IFERROR(__xludf.DUMMYFUNCTION("""COMPUTED_VALUE"""),"Vespertino") | D38: Veio
A39: =IFERROR(__xludf.DUMMYFUNCTION("""COMPUTED_VALUE"""),"DIEGO MARQUES SOUZA DA SILVA") | B39: =IFERROR(__xludf.DUMMYFUNCTION("""COMPUTED_VALUE"""),"Turma E") | C39: =IFERROR(__xludf.DUMMYFUNCTION("""COMPUTED_VALUE"""),"Matutino") | D39: Veio
A40: =IFERROR(__xludf.DUMMYFUNCTION("""COMPUTED_VALUE"""),"DIEGO RENAN OLIVEIRA DA SILVA") | B40: =IFERROR(__xludf.DUMMYFUNCTION("""COMPUTED_VALUE"""),"Turma E") | C40: =IFERROR(__xludf.DUMMYFUNCTION("""COMPUTED_VALUE"""),"Vespertino") | D40: Veio
A41: =IFERROR(__xludf.DUMMYFUNCTION("""COMPUTED_VALUE"""),"ELIZEU MURILO JATOBÁ TRINDADE") | B41: =IFERROR(__xludf.DUMMYFUNCTION("""COMPUTED_VALUE"""),"Turma B2") | C41: =IFERROR(__xludf.DUMMYFUNCTION("""COMPUTED_VALUE"""),"Vespertino") | D41: Veio
A42: =IFERROR(__xludf.DUMMYFUNCTION("""COMPUTED_VALUE"""),"EMANIELLY VITÓRIA PORTUGAL DE ALMEIDA") | B42: =IFERROR(__xludf.DUMMYFUNCTION("""COMPUTED_VALUE"""),"Turma C") | C42: =IFERROR(__xludf.DUMMYFUNCTION("""COMPUTED_VALUE"""),"Vespertino") | D42: Veio
A43: =IFERROR(__xludf.DUMMYFUNCTION("""COMPUTED_VALUE"""),"EMANUEL BATISTA DA SILVA") | B43: =IFERROR(__xludf.DUMMYFUNCTION("""COMPUTED_VALUE"""),"Turma E") | C43: =IFERROR(__xludf.DUMMYFUNCTION("""COMPUTED_VALUE"""),"Vespertino") | D43: Veio
A44: =IFERROR(__xludf.DUMMYFUNCTION("""COMPUTED_VALUE"""),"EMANUELLY DA SILVA SANTOS") | B44: =IFERROR(__xludf.DUMMYFUNCTION("""COMPUTED_VALUE"""),"Turma B1") | C44: =IFERROR(__xludf.DUMMYFUNCTION("""COMPUTED_VALUE"""),"Matutino") | D44: Veio
A45: =IFERROR(__xludf.DUMMYFUNCTION("""COMPUTED_VALUE"""),"EMILLY VICTÓRIA DO NASCIMENTO BEZERRA") | B45: =IFERROR(__xludf.DUMMYFUNCTION("""COMPUTED_VALUE"""),"Turma B2") | C45: =IFERROR(__xludf.DUMMYFUNCTION("""COMPUTED_VALUE"""),"Vespertino") | D45: Veio
A46: =IFERROR(__xludf.DUMMYFUNCTION("""COMPUTED_VALUE"""),"EMILY VITÓRIA DA SILVA SANTOS") | B46: =IFERROR(__xludf.DUMMYFUNCTION("""COMPUTED_VALUE"""),"Turma GR") | C46: =IFERROR(__xludf.DUMMYFUNCTION("""COMPUTED_VALUE"""),"Vespertino") | D46: Veio
A47: =IFERROR(__xludf.DUMMYFUNCTION("""COMPUTED_VALUE"""),"ENZO GABRIEL ALVES RIBEIRO") | B47: =IFERROR(__xludf.DUMMYFUNCTION("""COMPUTED_VALUE"""),"Turma B1") | C47: =IFERROR(__xludf.DUMMYFUNCTION("""COMPUTED_VALUE"""),"Matutino") | D47: Veio
A48: =IFERROR(__xludf.DUMMYFUNCTION("""COMPUTED_VALUE"""),"ENZO GABRIEL FERREIRA DOS SANTOS") | B48: =IFERROR(__xludf.DUMMYFUNCTION("""COMPUTED_VALUE"""),"Turma B2") | C48: =IFERROR(__xludf.DUMMYFUNCTION("""COMPUTED_VALUE"""),"Vespertino") | D48: Veio
A49: =IFERROR(__xludf.DUMMYFUNCTION("""COMPUTED_VALUE"""),"ERIK KAUAN DE SOUSA SILVA") | B49: =IFERROR(__xludf.DUMMYFUNCTION("""COMPUTED_VALUE"""),"Turma B1") | C49: =IFERROR(__xludf.DUMMYFUNCTION("""COMPUTED_VALUE"""),"Matutino") | D49: Veio
A50: =IFERROR(__xludf.DUMMYFUNCTION("""COMPUTED_VALUE"""),"EROS PINHEIRO") | B50: =IFERROR(__xludf.DUMMYFUNCTION("""COMPUTED_VALUE"""),"Turma GR") | C50: =IFERROR(__xludf.DUMMYFUNCTION("""COMPUTED_VALUE"""),"Vespertino") | D50: Não Veio
A51: =IFERROR(__xludf.DUMMYFUNCTION("""COMPUTED_VALUE"""),"Estela Martins Lopes") | B51: =IFERROR(__xludf.DUMMYFUNCTION("""COMPUTED_VALUE"""),"Turma A") | C51: =IFERROR(__xludf.DUMMYFUNCTION("""COMPUTED_VALUE"""),"Matutino") | D51: Veio
A52: =IFERROR(__xludf.DUMMYFUNCTION("""COMPUTED_VALUE"""),"ESTEPHANIE ISADORA SALES ROQUE") | B52: =IFERROR(__xludf.DUMMYFUNCTION("""COMPUTED_VALUE"""),"Turma GR") | C52: =IFERROR(__xludf.DUMMYFUNCTION("""COMPUTED_VALUE"""),"Vespertino") | D52: Veio
A53: =IFERROR(__xludf.DUMMYFUNCTION("""COMPUTED_VALUE"""),"ESTHER PROCOPIO DA SILVA") | B53: =IFERROR(__xludf.DUMMYFUNCTION("""COMPUTED_VALUE"""),"Turma GR") | C53: =IFERROR(__xludf.DUMMYFUNCTION("""COMPUTED_VALUE"""),"Vespertino") | D53: Veio
A54: =IFERROR(__xludf.DUMMYFUNCTION("""COMPUTED_VALUE"""),"Fabrícia Lopes Dos Santos") | B54: =IFERROR(__xludf.DUMMYFUNCTION("""COMPUTED_VALUE"""),"Turma A") | C54: =IFERROR(__xludf.DUMMYFUNCTION("""COMPUTED_VALUE"""),"Matutino") | D54: Veio
A55: =IFERROR(__xludf.DUMMYFUNCTION("""COMPUTED_VALUE"""),"FELIPE LUAN DELGADO DOS SANTOS") | B55: =IFERROR(__xludf.DUMMYFUNCTION("""COMPUTED_VALUE"""),"Turma C") | C55: =IFERROR(__xludf.DUMMYFUNCTION("""COMPUTED_VALUE"""),"Vespertino") | D55: Veio
A56: =IFERROR(__xludf.DUMMYFUNCTION("""COMPUTED_VALUE"""),"GABRIEL SOUZA BRAZ") | B56: =IFERROR(__xludf.DUMMYFUNCTION("""COMPUTED_VALUE"""),"Turma B1") | C56: =IFERROR(__xludf.DUMMYFUNCTION("""COMPUTED_VALUE"""),"Matutino") | D56: Veio
A57: =IFERROR(__xludf.DUMMYFUNCTION("""COMPUTED_VALUE"""),"GLENDA TAWANY RODRIGUES ALVES") | B57: =IFERROR(__xludf.DUMMYFUNCTION("""COMPUTED_VALUE"""),"Turma E") | C57: =IFERROR(__xludf.DUMMYFUNCTION("""COMPUTED_VALUE"""),"Matutino") | D57: Veio
A58: =IFERROR(__xludf.DUMMYFUNCTION("""COMPUTED_VALUE"""),"GUILHERME DE ANDRADE ZENZI") | B58: =IFERROR(__xludf.DUMMYFUNCTION("""COMPUTED_VALUE"""),"Turma E") | C58: =IFERROR(__xludf.DUMMYFUNCTION("""COMPUTED_VALUE"""),"Vespertino") | D58: Veio
A59: =IFERROR(__xludf.DUMMYFUNCTION("""COMPUTED_VALUE"""),"GULHERME SOARES") | B59: =IFERROR(__xludf.DUMMYFUNCTION("""COMPUTED_VALUE"""),"Turma B2") | C59: =IFERROR(__xludf.DUMMYFUNCTION("""COMPUTED_VALUE"""),"Vespertino") | D59: Não Veio
A60: =IFERROR(__xludf.DUMMYFUNCTION("""COMPUTED_VALUE"""),"GUSTAVO GALVÃO DE JESUS") | B60: =IFERROR(__xludf.DUMMYFUNCTION("""COMPUTED_VALUE"""),"Turma D") | C60: =IFERROR(__xludf.DUMMYFUNCTION("""COMPUTED_VALUE"""),"Matutino") | D60: Veio
A61: =IFERROR(__xludf.DUMMYFUNCTION("""COMPUTED_VALUE"""),"Heitor Miguel Barbosa De Melo Ferreira") | B61: =IFERROR(__xludf.DUMMYFUNCTION("""COMPUTED_VALUE"""),"Turma C") | C61: =IFERROR(__xludf.DUMMYFUNCTION("""COMPUTED_VALUE"""),"Matutino") | D61: Veio
A62: =IFERROR(__xludf.DUMMYFUNCTION("""COMPUTED_VALUE"""),"HELLOARA SANTOS DE LIMA") | B62: =IFERROR(__xludf.DUMMYFUNCTION("""COMPUTED_VALUE"""),"Turma B2") | C62: =IFERROR(__xludf.DUMMYFUNCTION("""COMPUTED_VALUE"""),"Matutino") | D62: Veio
A63: =IFERROR(__xludf.DUMMYFUNCTION("""COMPUTED_VALUE"""),"HELOISE VITÓRIA ALVES DE SOUZA") | B63: =IFERROR(__xludf.DUMMYFUNCTION("""COMPUTED_VALUE"""),"Turma E") | C63: =IFERROR(__xludf.DUMMYFUNCTION("""COMPUTED_VALUE"""),"Matutino") | D63: Veio
A64: =IFERROR(__xludf.DUMMYFUNCTION("""COMPUTED_VALUE"""),"HELOYSA FERNANDA ALVARENGA DOS SANTOS") | B64: =IFERROR(__xludf.DUMMYFUNCTION("""COMPUTED_VALUE"""),"Turma B1") | C64: =IFERROR(__xludf.DUMMYFUNCTION("""COMPUTED_VALUE"""),"Vespertino") | D64: Veio
A65: =IFERROR(__xludf.DUMMYFUNCTION("""COMPUTED_VALUE"""),"Henrique Rocha Almeida") | B65: =IFERROR(__xludf.DUMMYFUNCTION("""COMPUTED_VALUE"""),"Turma D") | C65: =IFERROR(__xludf.DUMMYFUNCTION("""COMPUTED_VALUE"""),"Vespertino") | D65: Veio
A66: =IFERROR(__xludf.DUMMYFUNCTION("""COMPUTED_VALUE"""),"Higor Santiago Castro Farfan") | B66: =IFERROR(__xludf.DUMMYFUNCTION("""COMPUTED_VALUE"""),"Turma GR") | C66: =IFERROR(__xludf.DUMMYFUNCTION("""COMPUTED_VALUE"""),"Vespertino") | D66: Veio
A67: =IFERROR(__xludf.DUMMYFUNCTION("""COMPUTED_VALUE"""),"HIURY QUENUPE DE OLIVEIRA") | B67: =IFERROR(__xludf.DUMMYFUNCTION("""COMPUTED_VALUE"""),"Turma E") | C67: =IFERROR(__xludf.DUMMYFUNCTION("""COMPUTED_VALUE"""),"Matutino") | D67: Veio
A68: =IFERROR(__xludf.DUMMYFUNCTION("""COMPUTED_VALUE"""),"IARA YASMIN FERREIRA IZEL") | B68: =IFERROR(__xludf.DUMMYFUNCTION("""COMPUTED_VALUE"""),"Turma B1") | C68: =IFERROR(__xludf.DUMMYFUNCTION("""COMPUTED_VALUE"""),"Vespertino") | D68: Não Veio
A69: =IFERROR(__xludf.DUMMYFUNCTION("""COMPUTED_VALUE"""),"ISABELLA MARA RODRIGUES SILVA") | B69: =IFERROR(__xludf.DUMMYFUNCTION("""COMPUTED_VALUE"""),"Turma C") | C69: =IFERROR(__xludf.DUMMYFUNCTION("""COMPUTED_VALUE"""),"Vespertino") | D69: Veio
A70: =IFERROR(__xludf.DUMMYFUNCTION("""COMPUTED_VALUE"""),"ISIS EDUARDA ALMEIDA MOITINHO") | B70: =IFERROR(__xludf.DUMMYFUNCTION("""COMPUTED_VALUE"""),"Turma A") | C70: =IFERROR(__xludf.DUMMYFUNCTION("""COMPUTED_VALUE"""),"Vespertino") | D70: Veio
A71: =IFERROR(__xludf.DUMMYFUNCTION("""COMPUTED_VALUE"""),"Izaque Henrique Verdan Francisco") | B71: =IFERROR(__xludf.DUMMYFUNCTION("""COMPUTED_VALUE"""),"Turma A") | C71: =IFERROR(__xludf.DUMMYFUNCTION("""COMPUTED_VALUE"""),"Matutino") | D71: Veio
A72: =IFERROR(__xludf.DUMMYFUNCTION("""COMPUTED_VALUE"""),"JANAÍNA ARRUDA BONIN") | B72: =IFERROR(__xludf.DUMMYFUNCTION("""COMPUTED_VALUE"""),"Turma B2") | C72: =IFERROR(__xludf.DUMMYFUNCTION("""COMPUTED_VALUE"""),"Matutino") | D72: Veio
A73: =IFERROR(__xludf.DUMMYFUNCTION("""COMPUTED_VALUE"""),"JOÃO PAULO LOPES PINHEIRO") | B73: =IFERROR(__xludf.DUMMYFUNCTION("""COMPUTED_VALUE"""),"Turma B1") | C73: =IFERROR(__xludf.DUMMYFUNCTION("""COMPUTED_VALUE"""),"Matutino") | D73: Veio
A74: =IFERROR(__xludf.DUMMYFUNCTION("""COMPUTED_VALUE"""),"JOÃO PEDRO JESUS SOUZA") | B74: =IFERROR(__xludf.DUMMYFUNCTION("""COMPUTED_VALUE"""),"Turma E") | C74: =IFERROR(__xludf.DUMMYFUNCTION("""COMPUTED_VALUE"""),"Vespertino") | D74: Veio
A75: =IFERROR(__xludf.DUMMYFUNCTION("""COMPUTED_VALUE"""),"JOÃO VICTOR CAETANO COELHO") | B75: =IFERROR(__xludf.DUMMYFUNCTION("""COMPUTED_VALUE"""),"Turma E") | C75: =IFERROR(__xludf.DUMMYFUNCTION("""COMPUTED_VALUE"""),"Matutino") | D75: Veio
A76: =IFERROR(__xludf.DUMMYFUNCTION("""COMPUTED_VALUE"""),"JOÃO VITOR GODOY ARAÚJO") | B76: =IFERROR(__xludf.DUMMYFUNCTION("""COMPUTED_VALUE"""),"Turma A") | C76: =IFERROR(__xludf.DUMMYFUNCTION("""COMPUTED_VALUE"""),"Vespertino") | D76: Não Veio
A77: =IFERROR(__xludf.DUMMYFUNCTION("""COMPUTED_VALUE"""),"Joaquim Miguel Silva Melo") | B77: =IFERROR(__xludf.DUMMYFUNCTION("""COMPUTED_VALUE"""),"Turma C") | C77: =IFERROR(__xludf.DUMMYFUNCTION("""COMPUTED_VALUE"""),"Matutino") | D77: Veio
A78: =IFERROR(__xludf.DUMMYFUNCTION("""COMPUTED_VALUE"""),"JOSÉ GABRIEL NEVES OLIVEIRA") | B78: =IFERROR(__xludf.DUMMYFUNCTION("""COMPUTED_VALUE"""),"Turma B2") | C78: =IFERROR(__xludf.DUMMYFUNCTION("""COMPUTED_VALUE"""),"Vespertino") | D78: Veio
A79: =IFERROR(__xludf.DUMMYFUNCTION("""COMPUTED_VALUE"""),"Julia Emanuelly Lavratti Oliveira") | B79: =IFERROR(__xludf.DUMMYFUNCTION("""COMPUTED_VALUE"""),"Turma A") | C79: =IFERROR(__xludf.DUMMYFUNCTION("""COMPUTED_VALUE"""),"Matutino") | D79: Veio
A80: =IFERROR(__xludf.DUMMYFUNCTION("""COMPUTED_VALUE"""),"JULIANO HENRIQUE GONÇALVES DA SILVA") | B80: =IFERROR(__xludf.DUMMYFUNCTION("""COMPUTED_VALUE"""),"Turma B2") | C80: =IFERROR(__xludf.DUMMYFUNCTION("""COMPUTED_VALUE"""),"Vespertino") | D80: Veio
A81: =IFERROR(__xludf.DUMMYFUNCTION("""COMPUTED_VALUE"""),"Kamilly Alves De Souza") | B81: =IFERROR(__xludf.DUMMYFUNCTION("""COMPUTED_VALUE"""),"Turma A") | C81: =IFERROR(__xludf.DUMMYFUNCTION("""COMPUTED_VALUE"""),"Matutino") | D81: Veio
A82: =IFERROR(__xludf.DUMMYFUNCTION("""COMPUTED_VALUE"""),"Kamily Barbosa Lemes") | B82: =IFERROR(__xludf.DUMMYFUNCTION("""COMPUTED_VALUE"""),"Turma C") | C82: =IFERROR(__xludf.DUMMYFUNCTION("""COMPUTED_VALUE"""),"Matutino") | D82: Veio
A83: =IFERROR(__xludf.DUMMYFUNCTION("""COMPUTED_VALUE"""),"KAUANE BARBOSA LEMES") | B83: =IFERROR(__xludf.DUMMYFUNCTION("""COMPUTED_VALUE"""),"Turma E") | C83: =IFERROR(__xludf.DUMMYFUNCTION("""COMPUTED_VALUE"""),"Vespertino") | D83: Veio
A84: =IFERROR(__xludf.DUMMYFUNCTION("""COMPUTED_VALUE"""),"KETILEN LORRAYNE DOS SANTOS BATISTA") | B84: =IFERROR(__xludf.DUMMYFUNCTION("""COMPUTED_VALUE"""),"Turma C") | C84: =IFERROR(__xludf.DUMMYFUNCTION("""COMPUTED_VALUE"""),"Vespertino") | D84: Veio
A85: =IFERROR(__xludf.DUMMYFUNCTION("""COMPUTED_VALUE"""),"KETLEN LORRANE DO NASCIMENTO DA SILVA") | B85: =IFERROR(__xludf.DUMMYFUNCTION("""COMPUTED_VALUE"""),"Turma E") | C85: =IFERROR(__xludf.DUMMYFUNCTION("""COMPUTED_VALUE"""),"Matutino") | D85: Veio
A86: =IFERROR(__xludf.DUMMYFUNCTION("""COMPUTED_VALUE"""),"KETTLY VITÓRIA ALVES DA SILVA") | B86: =IFERROR(__xludf.DUMMYFUNCTION("""COMPUTED_VALUE"""),"Turma E") | C86: =IFERROR(__xludf.DUMMYFUNCTION("""COMPUTED_VALUE"""),"Matutino") | D86: Veio
A87: =IFERROR(__xludf.DUMMYFUNCTION("""COMPUTED_VALUE"""),"LARISSA JATOBÁ OLIVEIRA") | B87: =IFERROR(__xludf.DUMMYFUNCTION("""COMPUTED_VALUE"""),"Turma A") | C87: =IFERROR(__xludf.DUMMYFUNCTION("""COMPUTED_VALUE"""),"Vespertino") | D87: Veio
A88: =IFERROR(__xludf.DUMMYFUNCTION("""COMPUTED_VALUE"""),"Leticia Carolinny Alvarenga Dos Santos") | B88: =IFERROR(__xludf.DUMMYFUNCTION("""COMPUTED_VALUE"""),"Turma D") | C88: =IFERROR(__xludf.DUMMYFUNCTION("""COMPUTED_VALUE"""),"Vespertino") | D88: Veio
A89: =IFERROR(__xludf.DUMMYFUNCTION("""COMPUTED_VALUE"""),"LOGAN ARAUJO ALCANTARA") | B89: =IFERROR(__xludf.DUMMYFUNCTION("""COMPUTED_VALUE"""),"Turma D") | C89: =IFERROR(__xludf.DUMMYFUNCTION("""COMPUTED_VALUE"""),"Matutino") | D89: Veio
A90: =IFERROR(__xludf.DUMMYFUNCTION("""COMPUTED_VALUE"""),"LUAN FONGARO DE JESUS") | B90: =IFERROR(__xludf.DUMMYFUNCTION("""COMPUTED_VALUE"""),"Turma B2") | C90: =IFERROR(__xludf.DUMMYFUNCTION("""COMPUTED_VALUE"""),"Vespertino") | D90: Veio
A91: =IFERROR(__xludf.DUMMYFUNCTION("""COMPUTED_VALUE"""),"LUANA DO NASCIMENTO FERNANDES") | B91: =IFERROR(__xludf.DUMMYFUNCTION("""COMPUTED_VALUE"""),"Turma B2") | C91: =IFERROR(__xludf.DUMMYFUNCTION("""COMPUTED_VALUE"""),"Vespertino") | D91: Veio
A92: =IFERROR(__xludf.DUMMYFUNCTION("""COMPUTED_VALUE"""),"LUANA SOUSA RIVA") | B92: =IFERROR(__xludf.DUMMYFUNCTION("""COMPUTED_VALUE"""),"Turma B1") | C92: =IFERROR(__xludf.DUMMYFUNCTION("""COMPUTED_VALUE"""),"Matutino") | D92: Veio
A93: =IFERROR(__xludf.DUMMYFUNCTION("""COMPUTED_VALUE"""),"LUANA TOMAZ ROVER") | B93: =IFERROR(__xludf.DUMMYFUNCTION("""COMPUTED_VALUE"""),"Turma D") | C93: =IFERROR(__xludf.DUMMYFUNCTION("""COMPUTED_VALUE"""),"Matutino") | D93: Não Veio
A94: =IFERROR(__xludf.DUMMYFUNCTION("""COMPUTED_VALUE"""),"LUCAS FONGARO DE JESUS") | B94: =IFERROR(__xludf.DUMMYFUNCTION("""COMPUTED_VALUE"""),"Turma B2") | C94: =IFERROR(__xludf.DUMMYFUNCTION("""COMPUTED_VALUE"""),"Vespertino") | D94: Veio
A95: =IFERROR(__xludf.DUMMYFUNCTION("""COMPUTED_VALUE"""),"Luis Felipe Camargo Moreira") | B95: =IFERROR(__xludf.DUMMYFUNCTION("""COMPUTED_VALUE"""),"Turma D") | C95: =IFERROR(__xludf.DUMMYFUNCTION("""COMPUTED_VALUE"""),"Vespertino") | D95: Veio
A96: =IFERROR(__xludf.DUMMYFUNCTION("""COMPUTED_VALUE"""),"LUIZ FELIPE POLICARPO DOS SANTOS") | B96: =IFERROR(__xludf.DUMMYFUNCTION("""COMPUTED_VALUE"""),"Turma A") | C96: =IFERROR(__xludf.DUMMYFUNCTION("""COMPUTED_VALUE"""),"Vespertino") | D96: Veio
A97: =IFERROR(__xludf.DUMMYFUNCTION("""COMPUTED_VALUE"""),"Luiz Fernando Garcia De Souza") | B97: =IFERROR(__xludf.DUMMYFUNCTION("""COMPUTED_VALUE"""),"Turma C") | C97: =IFERROR(__xludf.DUMMYFUNCTION("""COMPUTED_VALUE"""),"Matutino") | D97: Veio
A98: =IFERROR(__xludf.DUMMYFUNCTION("""COMPUTED_VALUE"""),"Maíne Pereira De Azevedo") | B98: =IFERROR(__xludf.DUMMYFUNCTION("""COMPUTED_VALUE"""),"Turma C") | C98: =IFERROR(__xludf.DUMMYFUNCTION("""COMPUTED_VALUE"""),"Matutino") | D98: Veio
A99: =IFERROR(__xludf.DUMMYFUNCTION("""COMPUTED_VALUE"""),"MARCOS ANTÔNIO TRINDADE DA SILVA") | B99: =IFERROR(__xludf.DUMMYFUNCTION("""COMPUTED_VALUE"""),"Turma B1") | C99: =IFERROR(__xludf.DUMMYFUNCTION("""COMPUTED_VALUE"""),"Vespertino") | D99: Veio
A100: =IFERROR(__xludf.DUMMYFUNCTION("""COMPUTED_VALUE"""),"MARIA CLARA ALMEIDA LOPES") | B100: =IFERROR(__xludf.DUMMYFUNCTION("""COMPUTED_VALUE"""),"Turma C") | C100: =IFERROR(__xludf.DUMMYFUNCTION("""COMPUTED_VALUE"""),"Vespertino") | D100: Veio
...

Sheet Basquete
A1: Competidores | B1: Turma | C1: Período | D1: Presente | F1: CONFRONTOS
A2: =IFERROR(__xludf.DUMMYFUNCTION("FILTER(Alunos!A:A, Alunos!$H:$H = ""Participa"")"),"ADILSON EVÊNCIO DA SILVA JUNIOR") | B2: =IFERROR(__xludf.DUMMYFUNCTION("FILTER(Alunos!B:B, Alunos!$H:$H = ""Participa"")"),"Turma E") | C2: =IFERROR(__xludf.DUMMYFUNCTION("FILTER(Alunos!C:C, Alunos!$H:$H = ""Participa"")"),"Matutino") | D2: Veio | F2: Categoria | G2: Turmas | I2: Resultados
A3: =IFERROR(__xludf.DUMMYFUNCTION("""COMPUTED_VALUE"""),"ALLAN ALVES RIBEIRO") | B3: =IFERROR(__xludf.DUMMYFUNCTION("""COMPUTED_VALUE"""),"Turma E") | C3: =IFERROR(__xludf.DUMMYFUNCTION("""COMPUTED_VALUE"""),"Vespertino") | D3: Veio | F3: Juvenil | G3: C m | H3: D v | I3: D v
A4: =IFERROR(__xludf.DUMMYFUNCTION("""COMPUTED_VALUE"""),"ANA CLARA DE FREITAS TEIXEIRA") | B4: =IFERROR(__xludf.DUMMYFUNCTION("""COMPUTED_VALUE"""),"Turma GR") | C4: =IFERROR(__xludf.DUMMYFUNCTION("""COMPUTED_VALUE"""),"Vespertino") | D4: Veio | G4: C v | H4: D m | I4: D m | J4: Cv torcida
A5: =IFERROR(__xludf.DUMMYFUNCTION("""COMPUTED_VALUE"""),"ANA LUIZA DA SILVA BORGES") | B5: =IFERROR(__xludf.DUMMYFUNCTION("""COMPUTED_VALUE"""),"Turma E") | C5: =IFERROR(__xludf.DUMMYFUNCTION("""COMPUTED_VALUE"""),"Matutino") | D5: Veio | G5: B2 v | H5: D v | I5: D v
A6: =IFERROR(__xludf.DUMMYFUNCTION("""COMPUTED_VALUE"""),"ANA VITÓRIA ALCANTARA DIAS FERREIRA") | B6: =IFERROR(__xludf.DUMMYFUNCTION("""COMPUTED_VALUE"""),"Turma E") | C6: =IFERROR(__xludf.DUMMYFUNCTION("""COMPUTED_VALUE"""),"Vespertino") | D6: Veio | G6: C m | H6: C v | I6: C v
A7: =IFERROR(__xludf.DUMMYFUNCTION("""COMPUTED_VALUE"""),"Andressa Campos De Barros") | B7: =IFERROR(__xludf.DUMMYFUNCTION("""COMPUTED_VALUE"""),"Turma D") | C7: =IFERROR(__xludf.DUMMYFUNCTION("""COMPUTED_VALUE"""),"Vespertino") | D7: Veio | G7: B2 v | H7: D m | I7: D m
A8: =IFERROR(__xludf.DUMMYFUNCTION("""COMPUTED_VALUE"""),"ANY GABRIELLY DE ALMEIDA OLIVEIRA") | B8: =IFERROR(__xludf.DUMMYFUNCTION("""COMPUTED_VALUE"""),"Turma E") | C8: =IFERROR(__xludf.DUMMYFUNCTION("""COMPUTED_VALUE"""),"Vespertino") | D8: Veio | G8: D v | H8: C v | I8: D v
A9: =IFERROR(__xludf.DUMMYFUNCTION("""COMPUTED_VALUE"""),"AQUIRIZ ARAUJO DE FREITAS") | B9: =IFERROR(__xludf.DUMMYFUNCTION("""COMPUTED_VALUE"""),"Turma C") | C9: =IFERROR(__xludf.DUMMYFUNCTION("""COMPUTED_VALUE"""),"Vespertino") | D9: Veio | G9: B2 v | H9: C v | I9: B2 v | J9: Aluno (n/d) - Aluno (n/d) - Aluno (n/d) Dm | K9: Aluno (n/d) Aluno (n/d)
A10: =IFERROR(__xludf.DUMMYFUNCTION("""COMPUTED_VALUE"""),"ARTHUR FERREIRA NAPOLEÃO") | B10: =IFERROR(__xludf.DUMMYFUNCTION("""COMPUTED_VALUE"""),"Turma D") | C10: =IFERROR(__xludf.DUMMYFUNCTION("""COMPUTED_VALUE"""),"Matutino") | D10: Veio | G10: D m | H10: C m | I10: D m | J10: Aluno (n/d) Aluno (n/d) - Aluno (n/d) Aluno (n/d) Cm
A11: =IFERROR(__xludf.DUMMYFUNCTION("""COMPUTED_VALUE"""),"ARTHUR LOPES RODRIGUES NEVES") | B11: =IFERROR(__xludf.DUMMYFUNCTION("""COMPUTED_VALUE"""),"Turma B2") | C11: =IFERROR(__xludf.DUMMYFUNCTION("""COMPUTED_VALUE"""),"Vespertino") | D11: Veio | G11: B2 v | H11: C m | I11: B2 v
A12: =IFERROR(__xludf.DUMMYFUNCTION("""COMPUTED_VALUE"""),"CAIO RUAN GERÔNIMO OLIVEIRA") | B12: =IFERROR(__xludf.DUMMYFUNCTION("""COMPUTED_VALUE"""),"Turma E") | C12: =IFERROR(__xludf.DUMMYFUNCTION("""COMPUTED_VALUE"""),"Matutino") | D12: Veio | G12: D m | H12: D v | I12: D v
A13: =IFERROR(__xludf.DUMMYFUNCTION("""COMPUTED_VALUE"""),"CAIO SOUZA PRÓCÓPIO DA SILVA") | B13: =IFERROR(__xludf.DUMMYFUNCTION("""COMPUTED_VALUE"""),"Turma E") | C13: =IFERROR(__xludf.DUMMYFUNCTION("""COMPUTED_VALUE"""),"Matutino") | D13: Veio | F13: Júnior | G13: E m | H13: E v | I13: E m
A14: =IFERROR(__xludf.DUMMYFUNCTION("""COMPUTED_VALUE"""),"CARLOS DANIEL BARROSO FERREIRA") | B14: =IFERROR(__xludf.DUMMYFUNCTION("""COMPUTED_VALUE"""),"Turma C") | C14: =IFERROR(__xludf.DUMMYFUNCTION("""COMPUTED_VALUE"""),"Vespertino") | D14: Veio | G14: GR | H14: E m | I14: GR | J14: Gr torcida
A15: =IFERROR(__xludf.DUMMYFUNCTION("""COMPUTED_VALUE"""),"CARLOS EDUARDO GENUINO DE ALENCAR") | B15: =IFERROR(__xludf.DUMMYFUNCTION("""COMPUTED_VALUE"""),"Turma C") | C15: =IFERROR(__xludf.DUMMYFUNCTION("""COMPUTED_VALUE"""),"Vespertino") | D15: Veio | G15: E v | H15: GR | I15: GR
A16: =IFERROR(__xludf.DUMMYFUNCTION("""COMPUTED_VALUE"""),"CARLOS EDUARDO VILLA NOVA DOS SANTOS") | B16: =IFERROR(__xludf.DUMMYFUNCTION("""COMPUTED_VALUE"""),"Turma D") | C16: =IFERROR(__xludf.DUMMYFUNCTION("""COMPUTED_VALUE"""),"Matutino") | D16: Não Veio
A17: =IFERROR(__xludf.DUMMYFUNCTION("""COMPUTED_VALUE"""),"CAUÃ VITORINO HOTTS DA SILVA") | B17: =IFERROR(__xludf.DUMMYFUNCTION("""COMPUTED_VALUE"""),"Turma E") | C17: =IFERROR(__xludf.DUMMYFUNCTION("""COMPUTED_VALUE"""),"Vespertino") | D17: Veio
A18: =IFERROR(__xludf.DUMMYFUNCTION("""COMPUTED_VALUE"""),"CLAUDIA GABRIELY CAMARGO MOREIRA") | B18: =IFERROR(__xludf.DUMMYFUNCTION("""COMPUTED_VALUE"""),"Turma D") | C18: =IFERROR(__xludf.DUMMYFUNCTION("""COMPUTED_VALUE"""),"Matutino") | D18: Veio
A19: =IFERROR(__xludf.DUMMYFUNCTION("""COMPUTED_VALUE"""),"DAVI LORENZO BARBOSA MOREIRA") | B19: =IFERROR(__xludf.DUMMYFUNCTION("""COMPUTED_VALUE"""),"Turma C") | C19: =IFERROR(__xludf.DUMMYFUNCTION("""COMPUTED_VALUE"""),"Vespertino") | D19: Veio
A20: =IFERROR(__xludf.DUMMYFUNCTION("""COMPUTED_VALUE"""),"DERIK PEREIRA VIANA") | B20: =IFERROR(__xludf.DUMMYFUNCTION("""COMPUTED_VALUE"""),"Turma B2") | C20: =IFERROR(__xludf.DUMMYFUNCTION("""COMPUTED_VALUE"""),"Vespertino") | D20: Veio
A21: =IFERROR(__xludf.DUMMYFUNCTION("""COMPUTED_VALUE"""),"DIEGO RENAN OLIVEIRA DA SILVA") | B21: =IFERROR(__xludf.DUMMYFUNCTION("""COMPUTED_VALUE"""),"Turma E") | C21: =IFERROR(__xludf.DUMMYFUNCTION("""COMPUTED_VALUE"""),"Vespertino") | D21: Veio
A22: =IFERROR(__xludf.DUMMYFUNCTION("""COMPUTED_VALUE"""),"EMANIELLY VITÓRIA PORTUGAL DE ALMEIDA") | B22: =IFERROR(__xludf.DUMMYFUNCTION("""COMPUTED_VALUE"""),"Turma C") | C22: =IFERROR(__xludf.DUMMYFUNCTION("""COMPUTED_VALUE"""),"Vespertino") | D22: Veio
A23: =IFERROR(__xludf.DUMMYFUNCTION("""COMPUTED_VALUE"""),"EMANUEL BATISTA DA SILVA") | B23: =IFERROR(__xludf.DUMMYFUNCTION("""COMPUTED_VALUE"""),"Turma E") | C23: =IFERROR(__xludf.DUMMYFUNCTION("""COMPUTED_VALUE"""),"Vespertino") | D23: Veio
A24: =IFERROR(__xludf.DUMMYFUNCTION("""COMPUTED_VALUE"""),"EMILLY VICTÓRIA DO NASCIMENTO BEZERRA") | B24: =IFERROR(__xludf.DUMMYFUNCTION("""COMPUTED_VALUE"""),"Turma B2") | C24: =IFERROR(__xludf.DUMMYFUNCTION("""COMPUTED_VALUE"""),"Vespertino") | D24: Veio
A25: =IFERROR(__xludf.DUMMYFUNCTION("""COMPUTED_VALUE"""),"EMILY VITÓRIA DA SILVA SANTOS") | B25: =IFERROR(__xludf.DUMMYFUNCTION("""COMPUTED_VALUE"""),"Turma GR") | C25: =IFERROR(__xludf.DUMMYFUNCTION("""COMPUTED_VALUE"""),"Vespertino") | D25: Veio
A26: =IFERROR(__xludf.DUMMYFUNCTION("""COMPUTED_VALUE"""),"ENZO GABRIEL FERREIRA DOS SANTOS") | B26: =IFERROR(__xludf.DUMMYFUNCTION("""COMPUTED_VALUE"""),"Turma B2") | C26: =IFERROR(__xludf.DUMMYFUNCTION("""COMPUTED_VALUE"""),"Vespertino") | D26: Veio
A27: =IFERROR(__xludf.DUMMYFUNCTION("""COMPUTED_VALUE"""),"EROS PINHEIRO") | B27: =IFERROR(__xludf.DUMMYFUNCTION("""COMPUTED_VALUE"""),"Turma GR") | C27: =IFERROR(__xludf.DUMMYFUNCTION("""COMPUTED_VALUE"""),"Vespertino") | D27: Veio
A28: =IFERROR(__xludf.DUMMYFUNCTION("""COMPUTED_VALUE"""),"ESTEPHANIE ISADORA SALES ROQUE") | B28: =IFERROR(__xludf.DUMMYFUNCTION("""COMPUTED_VALUE"""),"Turma GR") | C28: =IFERROR(__xludf.DUMMYFUNCTION("""COMPUTED_VALUE"""),"Vespertino") | D28: Veio
A29: =IFERROR(__xludf.DUMMYFUNCTION("""COMPUTED_VALUE"""),"FELIPE LUAN DELGADO DOS SANTOS") | B29: =IFERROR(__xludf.DUMMYFUNCTION("""COMPUTED_VALUE"""),"Turma C") | C29: =IFERROR(__xludf.DUMMYFUNCTION("""COMPUTED_VALUE"""),"Vespertino") | D29: Veio
A30: =IFERROR(__xludf.DUMMYFUNCTION("""COMPUTED_VALUE"""),"GABRIEL MARTINS DOS SANTOS") | B30: =IFERROR(__xludf.DUMMYFUNCTION("""COMPUTED_VALUE"""),"Turma C") | C30: =IFERROR(__xludf.DUMMYFUNCTION("""COMPUTED_VALUE"""),"Vespertino") | D30: Não Veio
A31: =IFERROR(__xludf.DUMMYFUNCTION("""COMPUTED_VALUE"""),"GRAZIELLY VITÓRIA SOARES SANTOS") | B31: =IFERROR(__xludf.DUMMYFUNCTION("""COMPUTED_VALUE"""),"Turma E") | C31: =IFERROR(__xludf.DUMMYFUNCTION("""COMPUTED_VALUE"""),"Vespertino") | D31: Veio
A32: =IFERROR(__xludf.DUMMYFUNCTION("""COMPUTED_VALUE"""),"GUILHERME DE ANDRADE ZENZI") | B32: =IFERROR(__xludf.DUMMYFUNCTION("""COMPUTED_VALUE"""),"Turma E") | C32: =IFERROR(__xludf.DUMMYFUNCTION("""COMPUTED_VALUE"""),"Vespertino") | D32: Veio
A33: =IFERROR(__xludf.DUMMYFUNCTION("""COMPUTED_VALUE"""),"GUSTAVO GALVÃO DE JESUS") | B33: =IFERROR(__xludf.DUMMYFUNCTION("""COMPUTED_VALUE"""),"Turma D") | C33: =IFERROR(__xludf.DUMMYFUNCTION("""COMPUTED_VALUE"""),"Matutino") | D33: Veio
A34: =IFERROR(__xludf.DUMMYFUNCTION("""COMPUTED_VALUE"""),"Heitor Miguel Barbosa De Melo Ferreira") | B34: =IFERROR(__xludf.DUMMYFUNCTION("""COMPUTED_VALUE"""),"Turma C") | C34: =IFERROR(__xludf.DUMMYFUNCTION("""COMPUTED_VALUE"""),"Matutino") | D34: Veio
A35: =IFERROR(__xludf.DUMMYFUNCTION("""COMPUTED_VALUE"""),"Henrique Rocha Almeida") | B35: =IFERROR(__xludf.DUMMYFUNCTION("""COMPUTED_VALUE"""),"Turma D") | C35: =IFERROR(__xludf.DUMMYFUNCTION("""COMPUTED_VALUE"""),"Vespertino") | D35: Veio
A36: =IFERROR(__xludf.DUMMYFUNCTION("""COMPUTED_VALUE"""),"Higor Santiago Castro Farfan") | B36: =IFERROR(__xludf.DUMMYFUNCTION("""COMPUTED_VALUE"""),"Turma GR") | C36: =IFERROR(__xludf.DUMMYFUNCTION("""COMPUTED_VALUE"""),"Vespertino") | D36: Veio
A37: =IFERROR(__xludf.DUMMYFUNCTION("""COMPUTED_VALUE"""),"HIURY QUENUPE DE OLIVEIRA") | B37: =IFERROR(__xludf.DUMMYFUNCTION("""COMPUTED_VALUE"""),"Turma E") | C37: =IFERROR(__xludf.DUMMYFUNCTION("""COMPUTED_VALUE"""),"Matutino") | D37: Veio
A38: =IFERROR(__xludf.DUMMYFUNCTION("""COMPUTED_VALUE"""),"JHONNY VICTOR DE LIMA TRINDADE") | B38: =IFERROR(__xludf.DUMMYFUNCTION("""COMPUTED_VALUE"""),"Turma E") | C38: =IFERROR(__xludf.DUMMYFUNCTION("""COMPUTED_VALUE"""),"Vespertino") | D38: Veio
A39: =IFERROR(__xludf.DUMMYFUNCTION("""COMPUTED_VALUE"""),"JOÃO GUILHERME FERREIRA DOS SANTOS") | B39: =IFERROR(__xludf.DUMMYFUNCTION("""COMPUTED_VALUE"""),"Turma E") | C39: =IFERROR(__xludf.DUMMYFUNCTION("""COMPUTED_VALUE"""),"Vespertino") | D39: Veio
A40: =IFERROR(__xludf.DUMMYFUNCTION("""COMPUTED_VALUE"""),"JOÃO PEDRO JESUS SOUZA") | B40: =IFERROR(__xludf.DUMMYFUNCTION("""COMPUTED_VALUE"""),"Turma E") | C40: =IFERROR(__xludf.DUMMYFUNCTION("""COMPUTED_VALUE"""),"Vespertino") | D40: Veio
A41: =IFERROR(__xludf.DUMMYFUNCTION("""COMPUTED_VALUE"""),"JOÃO VICTOR CAETANO COELHO") | B41: =IFERROR(__xludf.DUMMYFUNCTION("""COMPUTED_VALUE"""),"Turma E") | C41: =IFERROR(__xludf.DUMMYFUNCTION("""COMPUTED_VALUE"""),"Matutino") | D41: Veio
A42: =IFERROR(__xludf.DUMMYFUNCTION("""COMPUTED_VALUE"""),"Joaquim Miguel Silva Melo") | B42: =IFERROR(__xludf.DUMMYFUNCTION("""COMPUTED_VALUE"""),"Turma C") | C42: =IFERROR(__xludf.DUMMYFUNCTION("""COMPUTED_VALUE"""),"Matutino") | D42: Veio
A43: =IFERROR(__xludf.DUMMYFUNCTION("""COMPUTED_VALUE"""),"JOSÉ GABRIEL NEVES OLIVEIRA") | B43: =IFERROR(__xludf.DUMMYFUNCTION("""COMPUTED_VALUE"""),"Turma B2") | C43: =IFERROR(__xludf.DUMMYFUNCTION("""COMPUTED_VALUE"""),"Vespertino") | D43: Veio
A44: =IFERROR(__xludf.DUMMYFUNCTION("""COMPUTED_VALUE"""),"JULIA FABIOLA ALEXANDRE FERNANDES") | B44: =IFERROR(__xludf.DUMMYFUNCTION("""COMPUTED_VALUE"""),"Turma E") | C44: =IFERROR(__xludf.DUMMYFUNCTION("""COMPUTED_VALUE"""),"Vespertino") | D44: Veio
A45: =IFERROR(__xludf.DUMMYFUNCTION("""COMPUTED_VALUE"""),"Kamily Barbosa Lemes") | B45: =IFERROR(__xludf.DUMMYFUNCTION("""COMPUTED_VALUE"""),"Turma C") | C45: =IFERROR(__xludf.DUMMYFUNCTION("""COMPUTED_VALUE"""),"Matutino") | D45: Veio
A46: =IFERROR(__xludf.DUMMYFUNCTION("""COMPUTED_VALUE"""),"KAUANE BARBOSA LEMES") | B46: =IFERROR(__xludf.DUMMYFUNCTION("""COMPUTED_VALUE"""),"Turma E") | C46: =IFERROR(__xludf.DUMMYFUNCTION("""COMPUTED_VALUE"""),"Vespertino") | D46: Veio
A47: =IFERROR(__xludf.DUMMYFUNCTION("""COMPUTED_VALUE"""),"LAURA SOPHIE DA SILVA NASCIMENTO") | B47: =IFERROR(__xludf.DUMMYFUNCTION("""COMPUTED_VALUE"""),"Turma B2") | C47: =IFERROR(__xludf.DUMMYFUNCTION("""COMPUTED_VALUE"""),"Vespertino") | D47: Veio
A48: =IFERROR(__xludf.DUMMYFUNCTION("""COMPUTED_VALUE"""),"Leticia Carolinny Alvarenga Dos Santos") | B48: =IFERROR(__xludf.DUMMYFUNCTION("""COMPUTED_VALUE"""),"Turma D") | C48: =IFERROR(__xludf.DUMMYFUNCTION("""COMPUTED_VALUE"""),"Vespertino") | D48: Veio
A49: =IFERROR(__xludf.DUMMYFUNCTION("""COMPUTED_VALUE"""),"LOGAN ARAUJO ALCANTARA") | B49: =IFERROR(__xludf.DUMMYFUNCTION("""COMPUTED_VALUE"""),"Turma D") | C49: =IFERROR(__xludf.DUMMYFUNCTION("""COMPUTED_VALUE"""),"Matutino") | D49: Veio
A50: =IFERROR(__xludf.DUMMYFUNCTION("""COMPUTED_VALUE"""),"Luis Felipe Camargo Moreira") | B50: =IFERROR(__xludf.DUMMYFUNCTION("""COMPUTED_VALUE"""),"Turma D") | C50: =IFERROR(__xludf.DUMMYFUNCTION("""COMPUTED_VALUE"""),"Vespertino") | D50: Veio
A51: =IFERROR(__xludf.DUMMYFUNCTION("""COMPUTED_VALUE"""),"Luiz Fernando Garcia De Souza") | B51: =IFERROR(__xludf.DUMMYFUNCTION("""COMPUTED_VALUE"""),"Turma C") | C51: =IFERROR(__xludf.DUMMYFUNCTION("""COMPUTED_VALUE"""),"Matutino") | D51: Veio
A52: =IFERROR(__xludf.DUMMYFUNCTION("""COMPUTED_VALUE"""),"MARIA CLARA OLIVEIRA MENEZES MARTINS") | B52: =IFERROR(__xludf.DUMMYFUNCTION("""COMPUTED_VALUE"""),"Turma GR") | C52: =IFERROR(__xludf.DUMMYFUNCTION("""COMPUTED_VALUE"""),"Vespertino") | D52: Veio
A53: =IFERROR(__xludf.DUMMYFUNCTION("""COMPUTED_VALUE"""),"MARIA EMANUELLY CAMARGO GONÇALVES") | B53: =IFERROR(__xludf.DUMMYFUNCTION("""COMPUTED_VALUE"""),"Turma GR") | C53: =IFERROR(__xludf.DUMMYFUNCTION("""COMPUTED_VALUE"""),"Vespertino") | D53: Veio
A54: =IFERROR(__xludf.DUMMYFUNCTION("""COMPUTED_VALUE"""),"MARIA VITÓRIA OLIVEIRA MENEZES MARTINS") | B54: =IFERROR(__xludf.DUMMYFUNCTION("""COMPUTED_VALUE"""),"Turma GR") | C54: =IFERROR(__xludf.DUMMYFUNCTION("""COMPUTED_VALUE"""),"Vespertino") | D54: Veio
A55: =IFERROR(__xludf.DUMMYFUNCTION("""COMPUTED_VALUE"""),"Mariah Sophia Sales Aniceto") | B55: =IFERROR(__xludf.DUMMYFUNCTION("""COMPUTED_VALUE"""),"Turma D") | C55: =IFERROR(__xludf.DUMMYFUNCTION("""COMPUTED_VALUE"""),"Vespertino") | D55: Veio
A56: =IFERROR(__xludf.DUMMYFUNCTION("""COMPUTED_VALUE"""),"MATHEUS MENDES DA SILVA") | B56: =IFERROR(__xludf.DUMMYFUNCTION("""COMPUTED_VALUE"""),"Turma E") | C56: =IFERROR(__xludf.DUMMYFUNCTION("""COMPUTED_VALUE"""),"Vespertino") | D56: Veio
A57: =IFERROR(__xludf.DUMMYFUNCTION("""COMPUTED_VALUE"""),"Maycon Antonio Santana Garcia") | B57: =IFERROR(__xludf.DUMMYFUNCTION("""COMPUTED_VALUE"""),"Turma D") | C57: =IFERROR(__xludf.DUMMYFUNCTION("""COMPUTED_VALUE"""),"Vespertino") | D57: Não Veio
A58: =IFERROR(__xludf.DUMMYFUNCTION("""COMPUTED_VALUE"""),"NICOLAS GABRIEL OLIVEIRA BASTIDA") | B58: =IFERROR(__xludf.DUMMYFUNCTION("""COMPUTED_VALUE"""),"Turma E") | C58: =IFERROR(__xludf.DUMMYFUNCTION("""COMPUTED_VALUE"""),"Vespertino") | D58: Veio
A59: =IFERROR(__xludf.DUMMYFUNCTION("""COMPUTED_VALUE"""),"Nicolas Gonçalves De Carvalho") | B59: =IFERROR(__xludf.DUMMYFUNCTION("""COMPUTED_VALUE"""),"Turma D") | C59: =IFERROR(__xludf.DUMMYFUNCTION("""COMPUTED_VALUE"""),"Vespertino") | D59: Veio
A60: =IFERROR(__xludf.DUMMYFUNCTION("""COMPUTED_VALUE"""),"Paulo Victor Rosa Da Silva") | B60: =IFERROR(__xludf.DUMMYFUNCTION("""COMPUTED_VALUE"""),"Turma C") | C60: =IFERROR(__xludf.DUMMYFUNCTION("""COMPUTED_VALUE"""),"Matutino") | D60: Não Veio
A61: =IFERROR(__xludf.DUMMYFUNCTION("""COMPUTED_VALUE"""),"Pétricky Miguel Rodrigues Dos Reis") | B61: =IFERROR(__xludf.DUMMYFUNCTION("""COMPUTED_VALUE"""),"Turma C") | C61: =IFERROR(__xludf.DUMMYFUNCTION("""COMPUTED_VALUE"""),"Matutino") | D61: Veio
A62: =IFERROR(__xludf.DUMMYFUNCTION("""COMPUTED_VALUE"""),"PIETRO FRANCISCO GALVÃO DE JESUS") | B62: =IFERROR(__xludf.DUMMYFUNCTION("""COMPUTED_VALUE"""),"Turma D") | C62: =IFERROR(__xludf.DUMMYFUNCTION("""COMPUTED_VALUE"""),"Matutino") | D62: Veio
A63: =IFERROR(__xludf.DUMMYFUNCTION("""COMPUTED_VALUE"""),"Rafael Rodrigues Ireno") | B63: =IFERROR(__xludf.DUMMYFUNCTION("""COMPUTED_VALUE"""),"Turma C") | C63: =IFERROR(__xludf.DUMMYFUNCTION("""COMPUTED_VALUE"""),"Matutino") | D63: Veio
A64: =IFERROR(__xludf.DUMMYFUNCTION("""COMPUTED_VALUE"""),"Reynaldo Mariano De Souza") | B64: =IFERROR(__xludf.DUMMYFUNCTION("""COMPUTED_VALUE"""),"Turma C") | C64: =IFERROR(__xludf.DUMMYFUNCTION("""COMPUTED_VALUE"""),"Matutino") | D64: Veio
A65: =IFERROR(__xludf.DUMMYFUNCTION("""COMPUTED_VALUE"""),"Ruan Brayan Alcantara Monteiro") | B65: =IFERROR(__xludf.DUMMYFUNCTION("""COMPUTED_VALUE"""),"Turma D") | C65: =IFERROR(__xludf.DUMMYFUNCTION("""COMPUTED_VALUE"""),"Vespertino") | D65: Veio
A66: =IFERROR(__xludf.DUMMYFUNCTION("""COMPUTED_VALUE"""),"RUAN RODRIGUES CAETANO LIMA") | B66: =IFERROR(__xludf.DUMMYFUNCTION("""COMPUTED_VALUE"""),"Turma GR") | C66: =IFERROR(__xludf.DUMMYFUNCTION("""COMPUTED_VALUE"""),"Vespertino") | D66: Veio
A67: =IFERROR(__xludf.DUMMYFUNCTION("""COMPUTED_VALUE"""),"SAMUEL JUNIOR VERDAN FRANCISCO") | B67: =IFERROR(__xludf.DUMMYFUNCTION("""COMPUTED_VALUE"""),"Turma D") | C67: =IFERROR(__xludf.DUMMYFUNCTION("""COMPUTED_VALUE"""),"Matutino") | D67: Veio
A68: =IFERROR(__xludf.DUMMYFUNCTION("""COMPUTED_VALUE"""),"Tatiana Alves Francisco") | B68: =IFERROR(__xludf.DUMMYFUNCTION("""COMPUTED_VALUE"""),"Turma GR") | C68: =IFERROR(__xludf.DUMMYFUNCTION("""COMPUTED_VALUE"""),"Vespertino") | D68: Veio
A69: =IFERROR(__xludf.DUMMYFUNCTION("""COMPUTED_VALUE"""),"THAILA DA SILVA VITORIO") | B69: =IFERROR(__xludf.DUMMYFUNCTION("""COMPUTED_VALUE"""),"Turma GR") | C69: =IFERROR(__xludf.DUMMYFUNCTION("""COMPUTED_VALUE"""),"Vespertino") | D69: Veio
A70: =IFERROR(__xludf.DUMMYFUNCTION("""COMPUTED_VALUE"""),"Thalles Ramon Da Pascoa Silva") | B70: =IFERROR(__xludf.DUMMYFUNCTION("""COMPUTED_VALUE"""),"Turma D") | C70: =IFERROR(__xludf.DUMMYFUNCTION("""COMPUTED_VALUE"""),"Vespertino") | D70: Veio
A71: =IFERROR(__xludf.DUMMYFUNCTION("""COMPUTED_VALUE"""),"Victor Kauan Almeida D. Santos Jatobá") | B71: =IFERROR(__xludf.DUMMYFUNCTION("""COMPUTED_VALUE"""),"Turma C") | C71: =IFERROR(__xludf.DUMMYFUNCTION("""COMPUTED_VALUE"""),"Matutino") | D71: Veio
A72: =IFERROR(__xludf.DUMMYFUNCTION("""COMPUTED_VALUE"""),"VITORIA BEZERRA MARTINS") | B72: =IFERROR(__xludf.DUMMYFUNCTION("""COMPUTED_VALUE"""),"Turma E") | C72: =IFERROR(__xludf.DUMMYFUNCTION("""COMPUTED_VALUE"""),"Vespertino") | D72: Veio
A73: =IFERROR(__xludf.DUMMYFUNCTION("""COMPUTED_VALUE"""),"YASMYN THAUANY ALCANTARA MONTEIRO") | B73: =IFERROR(__xludf.DUMMYFUNCTION("""COMPUTED_VALUE"""),"Turma D") | C73: =IFERROR(__xludf.DUMMYFUNCTION("""COMPUTED_VALUE"""),"Matutino") | D73: Veio
A74: =IFERROR(__xludf.DUMMYFUNCTION("""COMPUTED_VALUE"""),"GABRIEL SOUZA FERREIRA") | B74: =IFERROR(__xludf.DUMMYFUNCTION("""COMPUTED_VALUE"""),"Turma GR") | C74: =IFERROR(__xludf.DUMMYFUNCTION("""COMPUTED_VALUE"""),"Vespertino") | D74: Veio

Sheet Volêi
A1: Competidores | B1: Turma | C1: Período | D1: Presente | F1: CONFRONTOS | K1: Tempo
A2: =IFERROR(__xludf.DUMMYFUNCTION("FILTER(Alunos!A:A, Alunos!$I:$I = ""Participa"")"),"ADILSON EVÊNCIO DA SILVA JUNIOR") | B2: =IFERROR(__xludf.DUMMYFUNCTION("FILTER(Alunos!B:B, Alunos!$I:$I = ""Participa"")"),"Turma E") | C2: =IFERROR(__xludf.DUMMYFUNCTION("FILTER(Alunos!C:C, Alunos!$I:$I = ""Participa"")"),"Matutino") | D2: Veio | F2: Categoria | G2: Turmas | I2: Resultados | K2: 30 minutos por jogo
A3: =IFERROR(__xludf.DUMMYFUNCTION("""COMPUTED_VALUE"""),"ALLAN ALVES RIBEIRO") | B3: =IFERROR(__xludf.DUMMYFUNCTION("""COMPUTED_VALUE"""),"Turma E") | C3: =IFERROR(__xludf.DUMMYFUNCTION("""COMPUTED_VALUE"""),"Vespertino") | D3: Veio | F3: Júnior | G3: E m | H3: E v | I3: E m
A4: =IFERROR(__xludf.DUMMYFUNCTION("""COMPUTED_VALUE"""),"ANA CLARA DE FREITAS TEIXEIRA") | B4: =IFERROR(__xludf.DUMMYFUNCTION("""COMPUTED_VALUE"""),"Turma GR") | C4: =IFERROR(__xludf.DUMMYFUNCTION("""COMPUTED_VALUE"""),"Vespertino") | D4: Veio | G4: GR | H4: E m | I4: E m
A5: =IFERROR(__xludf.DUMMYFUNCTION("""COMPUTED_VALUE"""),"ANA CRISTINA SOUZA LOBAK") | B5: =IFERROR(__xludf.DUMMYFUNCTION("""COMPUTED_VALUE"""),"Turma E") | C5: =IFERROR(__xludf.DUMMYFUNCTION("""COMPUTED_VALUE"""),"Vespertino") | D5: Veio | G5: E v | H5: GR | I5: E v
A6: =IFERROR(__xludf.DUMMYFUNCTION("""COMPUTED_VALUE"""),"ANA LUIZA DA SILVA BORGES") | B6: =IFERROR(__xludf.DUMMYFUNCTION("""COMPUTED_VALUE"""),"Turma E") | C6: =IFERROR(__xludf.DUMMYFUNCTION("""COMPUTED_VALUE"""),"Matutino") | D6: Veio
A7: =IFERROR(__xludf.DUMMYFUNCTION("""COMPUTED_VALUE"""),"ANA VITÓRIA ALCANTARA DIAS FERREIRA") | B7: =IFERROR(__xludf.DUMMYFUNCTION("""COMPUTED_VALUE"""),"Turma E") | C7: =IFERROR(__xludf.DUMMYFUNCTION("""COMPUTED_VALUE"""),"Vespertino") | D7: Veio
A8: =IFERROR(__xludf.DUMMYFUNCTION("""COMPUTED_VALUE"""),"CAIO RUAN GERÔNIMO OLIVEIRA") | B8: =IFERROR(__xludf.DUMMYFUNCTION("""COMPUTED_VALUE"""),"Turma E") | C8: =IFERROR(__xludf.DUMMYFUNCTION("""COMPUTED_VALUE"""),"Matutino") | D8: Veio
A9: =IFERROR(__xludf.DUMMYFUNCTION("""COMPUTED_VALUE"""),"CAIO SOUZA PRÓCÓPIO DA SILVA") | B9: =IFERROR(__xludf.DUMMYFUNCTION("""COMPUTED_VALUE"""),"Turma E") | C9: =IFERROR(__xludf.DUMMYFUNCTION("""COMPUTED_VALUE"""),"Matutino") | D9: Veio
A10: =IFERROR(__xludf.DUMMYFUNCTION("""COMPUTED_VALUE"""),"CAUÃ VITORINO HOTTS DA SILVA") | B10: =IFERROR(__xludf.DUMMYFUNCTION("""COMPUTED_VALUE"""),"Turma E") | C10: =IFERROR(__xludf.DUMMYFUNCTION("""COMPUTED_VALUE"""),"Vespertino") | D10: Veio
A11: =IFERROR(__xludf.DUMMYFUNCTION("""COMPUTED_VALUE"""),"DIEGO RENAN OLIVEIRA DA SILVA") | B11: =IFERROR(__xludf.DUMMYFUNCTION("""COMPUTED_VALUE"""),"Turma E") | C11: =IFERROR(__xludf.DUMMYFUNCTION("""COMPUTED_VALUE"""),"Vespertino") | D11: Veio
A12: =IFERROR(__xludf.DUMMYFUNCTION("""COMPUTED_VALUE"""),"EMILY VITÓRIA DA SILVA SANTOS") | B12: =IFERROR(__xludf.DUMMYFUNCTION("""COMPUTED_VALUE"""),"Turma GR") | C12: =IFERROR(__xludf.DUMMYFUNCTION("""COMPUTED_VALUE"""),"Vespertino") | D12: Veio
A13: =IFERROR(__xludf.DUMMYFUNCTION("""COMPUTED_VALUE"""),"EROS PINHEIRO") | B13: =IFERROR(__xludf.DUMMYFUNCTION("""COMPUTED_VALUE"""),"Turma GR") | C13: =IFERROR(__xludf.DUMMYFUNCTION("""COMPUTED_VALUE"""),"Vespertino") | D13: Não Veio
A14: =IFERROR(__xludf.DUMMYFUNCTION("""COMPUTED_VALUE"""),"ESTEPHANIE ISADORA SALES ROQUE") | B14: =IFERROR(__xludf.DUMMYFUNCTION("""COMPUTED_VALUE"""),"Turma GR") | C14: =IFERROR(__xludf.DUMMYFUNCTION("""COMPUTED_VALUE"""),"Vespertino") | D14: Veio
A15: =IFERROR(__xludf.DUMMYFUNCTION("""COMPUTED_VALUE"""),"ESTHER PROCOPIO DA SILVA") | B15: =IFERROR(__xludf.DUMMYFUNCTION("""COMPUTED_VALUE"""),"Turma GR") | C15: =IFERROR(__xludf.DUMMYFUNCTION("""COMPUTED_VALUE"""),"Vespertino") | D15: Veio
A16: =IFERROR(__xludf.DUMMYFUNCTION("""COMPUTED_VALUE"""),"GLENDA TAWANY RODRIGUES ALVES") | B16: =IFERROR(__xludf.DUMMYFUNCTION("""COMPUTED_VALUE"""),"Turma E") | C16: =IFERROR(__xludf.DUMMYFUNCTION("""COMPUTED_VALUE"""),"Matutino") | D16: Veio
A17: =IFERROR(__xludf.DUMMYFUNCTION("""COMPUTED_VALUE"""),"GRAZIELLY VITÓRIA SOARES SANTOS") | B17: =IFERROR(__xludf.DUMMYFUNCTION("""COMPUTED_VALUE"""),"Turma E") | C17: =IFERROR(__xludf.DUMMYFUNCTION("""COMPUTED_VALUE"""),"Vespertino") | D17: Veio
A18: =IFERROR(__xludf.DUMMYFUNCTION("""COMPUTED_VALUE"""),"GUILHERME DE ANDRADE ZENZI") | B18: =IFERROR(__xludf.DUMMYFUNCTION("""COMPUTED_VALUE"""),"Turma E") | C18: =IFERROR(__xludf.DUMMYFUNCTION("""COMPUTED_VALUE"""),"Vespertino") | D18: Veio
A19: =IFERROR(__xludf.DUMMYFUNCTION("""COMPUTED_VALUE"""),"HELOISE VITÓRIA ALVES DE SOUZA") | B19: =IFERROR(__xludf.DUMMYFUNCTION("""COMPUTED_VALUE"""),"Turma E") | C19: =IFERROR(__xludf.DUMMYFUNCTION("""COMPUTED_VALUE"""),"Matutino") | D19: Veio
A20: =IFERROR(__xludf.DUMMYFUNCTION("""COMPUTED_VALUE"""),"Higor Santiago Castro Farfan") | B20: =IFERROR(__xludf.DUMMYFUNCTION("""COMPUTED_VALUE"""),"Turma GR") | C20: =IFERROR(__xludf.DUMMYFUNCTION("""COMPUTED_VALUE"""),"Vespertino") | D20: Não Veio
A21: =IFERROR(__xludf.DUMMYFUNCTION("""COMPUTED_VALUE"""),"HIURY QUENUPE DE OLIVEIRA") | B21: =IFERROR(__xludf.DUMMYFUNCTION("""COMPUTED_VALUE"""),"Turma E") | C21: =IFERROR(__xludf.DUMMYFUNCTION("""COMPUTED_VALUE"""),"Matutino") | D21: Veio
A22: =IFERROR(__xludf.DUMMYFUNCTION("""COMPUTED_VALUE"""),"JHONNY VICTOR DE LIMA TRINDADE") | B22: =IFERROR(__xludf.DUMMYFUNCTION("""COMPUTED_VALUE"""),"Turma E") | C22: =IFERROR(__xludf.DUMMYFUNCTION("""COMPUTED_VALUE"""),"Vespertino") | D22: Veio
A23: =IFERROR(__xludf.DUMMYFUNCTION("""COMPUTED_VALUE"""),"JOÃO PEDRO JESUS SOUZA") | B23: =IFERROR(__xludf.DUMMYFUNCTION("""COMPUTED_VALUE"""),"Turma E") | C23: =IFERROR(__xludf.DUMMYFUNCTION("""COMPUTED_VALUE"""),"Vespertino") | D23: Veio
A24: =IFERROR(__xludf.DUMMYFUNCTION("""COMPUTED_VALUE"""),"JOÃO VICTOR CAETANO COELHO") | B24: =IFERROR(__xludf.DUMMYFUNCTION("""COMPUTED_VALUE"""),"Turma E") | C24: =IFERROR(__xludf.DUMMYFUNCTION("""COMPUTED_VALUE"""),"Matutino") | D24: Veio
A25: =IFERROR(__xludf.DUMMYFUNCTION("""COMPUTED_VALUE"""),"JULIA FABIOLA ALEXANDRE FERNANDES") | B25: =IFERROR(__xludf.DUMMYFUNCTION("""COMPUTED_VALUE"""),"Turma E") | C25: =IFERROR(__xludf.DUMMYFUNCTION("""COMPUTED_VALUE"""),"Vespertino") | D25: Veio
A26: =IFERROR(__xludf.DUMMYFUNCTION("""COMPUTED_VALUE"""),"KAUANE BARBOSA LEMES") | B26: =IFERROR(__xludf.DUMMYFUNCTION("""COMPUTED_VALUE"""),"Turma E") | C26: =IFERROR(__xludf.DUMMYFUNCTION("""COMPUTED_VALUE"""),"Vespertino") | D26: Veio
A27: =IFERROR(__xludf.DUMMYFUNCTION("""COMPUTED_VALUE"""),"KETLEN LORRANE DO NASCIMENTO DA SILVA") | B27: =IFERROR(__xludf.DUMMYFUNCTION("""COMPUTED_VALUE"""),"Turma E") | C27: =IFERROR(__xludf.DUMMYFUNCTION("""COMPUTED_VALUE"""),"Matutino") | D27: Veio
A28: =IFERROR(__xludf.DUMMYFUNCTION("""COMPUTED_VALUE"""),"KETTLY VITÓRIA ALVES DA SILVA") | B28: =IFERROR(__xludf.DUMMYFUNCTION("""COMPUTED_VALUE"""),"Turma E") | C28: =IFERROR(__xludf.DUMMYFUNCTION("""COMPUTED_VALUE"""),"Matutino") | D28: Veio
A29: =IFERROR(__xludf.DUMMYFUNCTION("""COMPUTED_VALUE"""),"MARIA CLARA OLIVEIRA MENEZES MARTINS") | B29: =IFERROR(__xludf.DUMMYFUNCTION("""COMPUTED_VALUE"""),"Turma GR") | C29: =IFERROR(__xludf.DUMMYFUNCTION("""COMPUTED_VALUE"""),"Vespertino") | D29: Veio
A30: =IFERROR(__xludf.DUMMYFUNCTION("""COMPUTED_VALUE"""),"MARIA EMANUELLY CAMARGO GONÇALVES") | B30: =IFERROR(__xludf.DUMMYFUNCTION("""COMPUTED_VALUE"""),"Turma GR") | C30: =IFERROR(__xludf.DUMMYFUNCTION("""COMPUTED_VALUE"""),"Vespertino") | D30: Veio
A31: =IFERROR(__xludf.DUMMYFUNCTION("""COMPUTED_VALUE"""),"MARIA VITÓRIA OLIVEIRA MENEZES MARTINS") | B31: =IFERROR(__xludf.DUMMYFUNCTION("""COMPUTED_VALUE"""),"Turma GR") | C31: =IFERROR(__xludf.DUMMYFUNCTION("""COMPUTED_VALUE"""),"Vespertino") | D31: Veio
A32: =IFERROR(__xludf.DUMMYFUNCTION("""COMPUTED_VALUE"""),"NICOLAS GABRIEL OLIVEIRA BASTIDA") | B32: =IFERROR(__xludf.DUMMYFUNCTION("""COMPUTED_VALUE"""),"Turma E") | C32: =IFERROR(__xludf.DUMMYFUNCTION("""COMPUTED_VALUE"""),"Vespertino") | D32: Veio
A33: =IFERROR(__xludf.DUMMYFUNCTION("""COMPUTED_VALUE"""),"RUAN RODRIGUES CAETANO LIMA") | B33: =IFERROR(__xludf.DUMMYFUNCTION("""COMPUTED_VALUE"""),"Turma GR") | C33: =IFERROR(__xludf.DUMMYFUNCTION("""COMPUTED_VALUE"""),"Vespertino") | D33: Não Veio
A34: =IFERROR(__xludf.DUMMYFUNCTION("""COMPUTED_VALUE"""),"SÂMILY PROCOPIO DA SILVA") | B34: =IFERROR(__xludf.DUMMYFUNCTION("""COMPUTED_VALUE"""),"Turma GR") | C34: =IFERROR(__xludf.DUMMYFUNCTION("""COMPUTED_VALUE"""),"Vespertino") | D34: Veio
A35: =IFERROR(__xludf.DUMMYFUNCTION("""COMPUTED_VALUE"""),"Tatiana Alves Francisco") | B35: =IFERROR(__xludf.DUMMYFUNCTION("""COMPUTED_VALUE"""),"Turma GR") | C35: =IFERROR(__xludf.DUMMYFUNCTION("""COMPUTED_VALUE"""),"Vespertino") | D35: Veio
A36: =IFERROR(__xludf.DUMMYFUNCTION("""COMPUTED_VALUE"""),"THAILA DA SILVA VITORIO") | B36: =IFERROR(__xludf.DUMMYFUNCTION("""COMPUTED_VALUE"""),"Turma GR") | C36: =IFERROR(__xludf.DUMMYFUNCTION("""COMPUTED_VALUE"""),"Vespertino") | D36: Veio
A37: =IFERROR(__xludf.DUMMYFUNCTION("""COMPUTED_VALUE"""),"VITORIA BEZERRA MARTINS") | B37: =IFERROR(__xludf.DUMMYFUNCTION("""COMPUTED_VALUE"""),"Turma E") | C37: =IFERROR(__xludf.DUMMYFUNCTION("""COMPUTED_VALUE"""),"Vespertino") | D37: Veio
A38: =IFERROR(__xludf.DUMMYFUNCTION("""COMPUTED_VALUE"""),"GABRIEL SOUZA FERREIRA") | B38: =IFERROR(__xludf.DUMMYFUNCTION("""COMPUTED_VALUE"""),"Turma GR") | C38: =IFERROR(__xludf.DUMMYFUNCTION("""COMPUTED_VALUE"""),"Vespertino") | D38: Não Veio

Sheet Calendário
A1: Segunda Dia 21 | I1: Terça Dia 22 | Q1: Quarta Dia 23 | AE1: Quinta Dia 24 | AM1: Sexta Dia 25
A2: Categoria | B2: Esporte | C2: Time1 | D2: Time2 | E2: Local | F2: Horario | G2: Obs | I2: Categoria | J2: Esporte | K2: Time1 | L2: Time2 | M2: Local | N2: Horario | O2: Obs | Q2: Categoria | R2: Esporte | S2: Time1 | T2: Time2 | U2: Local | V2: Horario | W2: Categoria | X2: Esporte | Y2: Time1 | Z2: Time2 | AA2: Local | AB2: Horario | AC2: OBS | AE2: Categoria | AF2: Esporte | AG2: Time1 | AH2: Time2 | AI2: Local | AJ2: Horario | AK2: Obs | AM2: Categoria | AN2: Esporte | AO2: Time1 | AP2: Time2 | AQ2: Local | AR2: Horario | AS2: Obs
A3: Junior | B3: Volêi | C3: E m | D3: E v | E3: Quadra | F3: 08:00 - 09:15 | I3: Mirim Masculino | J3: Taekwondo | K3: Todos da Categoira | M3: Quadra | N3: 08:00 - 08:35 | Q3: Infantil | R3: Futebol | S3: A v | T3: B2 m | U3: Campo | V3: 8:00 - 8:20 | W3: Juvenil | X3: Queimada | Y3: C m | Z3: D v | AA3: Quadra | AB3: 8:00 - 8:15 | AE3: Infantil | AF3: Futsal | AG3: A v | AH3: B2 m | AI3: Quadra | AJ3: 8:00 - 8:20
A4: Junior | B4: Volêi | C4: GR | D4: E m | E4: Quadra | F4: 09:19 - 10:34 | I4: Mirim Feminino | J4: Taekwondo | K4: Todos da Categoira | M4: Quadra | N4: 08:39 - 09:14 | Q4: Infantil | R4: Futebol | S4: B1 m | T4: B1 v | U4: Campo | V4: 8:21 - 8:41 | W4: Juvenil | X4: Queimada | Y4: C v | Z4: D m | AA4: Quadra | AB4: 8:18 - 8:33 | AE4: Infantil | AF4: Futsal | AG4: B1 m | AH4: B1 v | AI4: Quadra | AJ4: 8:23 - 8:43
A5: Junior | B5: Volêi | C5: E v | D5: GR | E5: Quadra | F5: 10:38 - 11:53 | I5: Infantil Masculino | J5: Taekwondo | K5: Todos da Categoira | M5: Quadra | N5: 09:18 - 09:53 | Q5: Infantil | R5: Futebol | S5: A m | T5: B2 m | U5: Campo | V5: 8:42 - 9:02 | W5: Juvenil | X5: Queimada | Y5: B2 v | Z5: D v | AA5: Quadra | AB5: 8:36 - 8:51 | AE5: Infantil | AF5: Futsal | AG5: A m | AH5: B2 m | AI5: Quadra | AJ5: 8:46 - 9:06
A6: Almoço | F6: 12:00 - 13:00 | I6: Infantil Feminino | J6: Taekwondo | K6: Todos da Categoira | M6: Quadra | N6: 09:57 - 10:32 | Q6: Infantil | R6: Futebol | S6: A v | T6: B1 m | U6: Campo | V6: 9:03 - 9:23 | W6: Juvenil | X6: Queimada | Y6: C m | Z6: C v | AA6: Quadra | AB6: 8:53 - 9:08 | AE6: Infantil | AF6: Futsal | AG6: A v | AH6: B1 m | AI6: Quadra | AJ6: 9:08 - 9:28
A7: Juvenil | B7: Basquete | C7: C m | D7: D v | E7: Quadra | F7: 13:05 - 13:20 | G7: Fazer bincadeiras com os mais novos | I7: Cadete Masculino | J7: Taekwondo | K7: Todos da Categoira | M7: Quadra | N7: 10:36 - 11:11 | Q7: Infantil | R7: Futebol | S7: A m | T7: B1 v | U7: Campo | V7: 9:24 - 9:54 | W7: Juvenil | X7: Queimada | Y7: B2 v | Z7: D m | AA7: Quadra | AB7: 9:10 - 9:25 | AE7: Infantil | AF7: Futsal | AG7: A m | AH7: B1 v | AI7: Quadra | AJ7: 9:30 - 9:50
A8: Juvenil | B8: Basquete | C8: C v | D8: D m | E8: Quadra | F8: 13:24 - 13:39 | G8: aremeço de basquete. | I8: Cadete Feminino | J8: Taekwondo | K8: Todos da Categoira | M8: Quadra | N8: 11:15 - 11:50 | Q8: Infantil | R8: Futebol | S8: B2 m | T8: B1 m | U8: Campo | V8: 9:55 - 10:15 | W8: Juvenil | X8: Queimada | Y8: D v | Z8: C v | AA8: Quadra | AB8: 9:28 - 9:43 | AE8: Infantil | AF8: Futsal | AG8: B2 m | AH8: B1 m | AI8: Quadra | AJ8: 9:53 - 10:13
A9: Juvenil | B9: Basquete | C9: B2 v | D9: D v | E9: Quadra | F9: 13:43 - 13:58 | G9: penalti. | I9: Almoço | N9: 12:00 - 13:00 | Q9: Infantil | R9: Futebol | S9: A m | T9: B1 m | U9: Campo | V9: 10:16 - 10:36 | W9: Juvenil | X9: Queimada | Y9: B2 v | Z9: C v | AA9: Quadra | AB9: 9:45 - 10:00 | AE9: Infantil | AF9: Futsal | AG9: A m | AH9: B1 m | AI9: Quadra | AJ9: 10:16 - 10:36
A10: Juvenil | B10: Basquete | C10: C m | D10: C v | E10: Quadra | F10: 14:02 - 14:17 | G10: embaixadinha. | I10: Infantil | J10: Rouba-Bandeira | K10: A v | L10: B2 m | M10: Quadra | N10: 13:05 - 13:12 | Q10: Infantil | R10: Futebol | S10: B1 v | T10: A v | U10: Campo | V10: 10:37 - 10:57 | W10: Juvenil | X10: Queimada | Y10: D m | Z10: C m | AA10: Quadra | AB10: 10:05 - 10:20 | AE10: Infantil | AF10: Futsal | AG10: B1 v | AH10: A v | AI10: Quadra | AJ10: 10:38 - 10:58
A11: Juvenil | B11: Basquete | C11: B2 v | D11: D m | E11: Quadra | F11: 14:21 - 14:36 | I11: Infantil | J11: Rouba-Bandeira | K11: B1 m | L11: B1 v | M11: Quadra | N11: 13:16 - 13:23 | Q11: Infantil | R11: Futebol | S11: A m | T11: A v | U11: Campo | V11: 10:58 - 11:18 | W11: Juvenil | X11: Queimada | Y11: B2 v | Z11: C m | AA11: Quadra | AB11: 10:25 - 10:40 | AE11: Infantil | AF11: Futsal | AG11: A m | AH11: A v | AI11: Quadra | AJ11: 11:00 - 11:20
A12: Juvenil | B12: Basquete | C12: D v | D12: C v | E12: Quadra | F12: 14:40 - 14:55 | I12: Infantil | J12: Rouba-Bandeira | K12: A m | L12: B2 m | M12: Quadra | N12: 13:27 - 13:34 | Q12: Infantil | R12: Futebol | S12: B1 v | T12: B2 m | U12: Campo | V12: 11:19 - 11:39 | W12: Juvenil | X12: Queimada | Y12: D m | Z12: D v | AA12: Quadra | AB12: 10:45 - 11:00 | AE12: Infantil | AF12: Futsal | AG12: B1 v | AH12: B2 m | AI12: Quadra | AJ12: 11:23 - 11:43
A13: Juvenil | B13: Basquete | C13: B2 v | D13: C v | E13: Quadra | F13: 14:59 - 15:14 | I13: Infantil | J13: Rouba-Bandeira | K13: A v | L13: B1 m | M13: Quadra | N13: 13:38 - 13:45 | Q13: Juvenil | R13: Futebol | S13: C m | T13: D v | U13: Campo | V13: 11:40 - 12:00 | W13: Junior | X13: Queimada | Y13: E m | Z13: E v | AA13: Quadra | AB13: 11:02 - 11:18 | AE13: Juvenil | AF13: Futsal | AG13: C m | AH13: D v | AI13: Quadra | AJ13: 11:45 - 12:05
A14: Juvenil | B14: Basquete | C14: D m | D14: C m | E14: Quadra | F14: 15:18 - 15:33 | I14: Infantil | J14: Rouba-Bandeira | K14: A m | L14: B1 v | M14: Quadra | N14: 13:49 - 13:56 | W14: Junior | X14: Queimada | Y14: GR | Z14: E m | AA14: Quadra | AB14: 11:20 - 11:40 | AE14: Almoço | AJ14: 12:05 - 13:05
A15: Juvenil | B15: Basquete | C15: B2 v | D15: C m | E15: Quadra | F15: 15:37 - 15:52 | I15: Infantil | J15: Rouba-Bandeira | K15: B2 m | L15: B1 m | M15: Quadra | N15: 14:00 - 14:07 | W15: Junior | X15: Queimada | Y15: E v | Z15: GR | AA15: Quadra | AB15: 11:43 - 12:03 | AE15: Juvenil | AF15: Futsal | AG15: C v | AH15: D m | AI15: Quadra | AJ15: 13:10 - 13:30
A16: Juvenil | B16: Basquete | C16: D m | D16: D v | E16: Quadra | F16: 15:56 - 16:11 | I16: Infantil | J16: Rouba-Bandeira | K16: A m | L16: B1 m | M16: Quadra | N16: 14:11 - 14:18 | Q16: Almoço | V16: 12:05 - 13:05 | W16: Almoço | AB16: 12:05 - 13:05 | AE16: Juvenil | AF16: Futsal | AG16: B2 v | AH16: D v | AI16: Quadra | AJ16: 13:31 - 13:51
A17: Junior | B17: Basquete | C17: GR | D17: E m | E17: Quadra | F17: 16:15 - 16:33 | I17: Infantil | J17: Rouba-Bandeira | K17: B1 v | L17: A v | M17: Quadra | N17: 14:22 - 14:29 | Q17: Juvenil | R17: Futebol | S17: C v | T17: D m | U17: Campo | V17: 13:10 - 13:30 | W17: Infantil | X17: Queimada | Y17: A v | Z17: B2 m | AA17: Quadra | AB17: 13:10 - 13:25 | AE17: Juvenil | AF17: Futsal | AG17: C m | AH17: C v | AI17: Quadra | AJ17: 13:52 - 14:12
A18: Junior | B18: Basquete | C18: E m | D18: E v | E18: Quadra | F18: 16:37 - 16:55 | I18: Infantil | J18: Rouba-Bandeira | K18: A m | L18: A v | M18: Quadra | N18: 14:33 - 14:40 | Q18: Juvenil | R18: Futebol | S18: B2 v | T18: D v | U18: Campo | V18: 13:31: 13:51 | W18: Infantil | X18: Queimada | Y18: B1 m | Z18: B1 v | AA18: Quadra | AB18: 13:28 - 13:43 | AE18: Juvenil | AF18: Futsal | AG18: B2 v | AH18: D m | AI18: Quadra | AJ18: 14:13 - 14:33
A19: Junior | B19: Basquete | C19: E v | D19: GR | E19: Quadra | F19: 16:59 - 17:17 | I19: Infantil | J19: Rouba-Bandeira | K19: B1 v | L19: B2 m | M19: Quadra | N19: 14:44 - 14:51 | Q19: Juvenil | R19: Futebol | S19: C m | T19: C v | U19: Campo | V19: 13:52 - 14:12 | W19: Infantil | X19: Queimada | Y19: A m | Z19: B2 m | AA19: Quadra | AB19: 13:45 - 14:00 | AE19: Juvenil | AF19: Futsal | AG19: D v | AH19: C v | AI19: Quadra | AJ19: 14:34 - 14:54
I20: Juvenil | J20: Rouba-Bandeira | K20: C m | L20: D v | M20: Quadra | N20: 14:55 - 15:02 | Q20: Juvenil | R20: Futebol | S20: B2 v | T20: D m | U20: Campo | V20: 14:13 - 14:33 | W20: Infantil | X20: Queimada | Y20: A v | Z20: B1 m | AA20: Quadra | AB20: 14:02 - 14:17 | AE20: Juvenil | AF20: Futsal | AG20: B2 v | AH20: C v | AI20: Quadra | AJ20: 14:55 - 15:15
I21: Juvenil | J21: Rouba-Bandeira | K21: C v | L21: D m | M21: Quadra | N21: 15:06 - 15:13 | Q21: Juvenil | R21: Futebol | S21: D v | T21: C v | U21: Campo | V21: 14:34 - 14:54 | W21: Infantil | X21: Queimada | Y21: A m | Z21: B1 v | AA21: Quadra | AB21: 14:20 - 14:35 | AE21: Juvenil | AF21: Futsal | AG21: D m | AH21: C m | AI21: Quadra | AJ21: 15:16 - 15:36
I22: Juvenil | J22: Rouba-Bandeira | K22: B2 v | L22: D v | M22: Quadra | N22: 15:17 - 15:24 | Q22: Juvenil | R22: Futebol | S22: B2 v | T22: C v | U22: Campo | V22: 14:55 - 15:15 | W22: Infantil | X22: Queimada | Y22: B2 m | Z22: B1 m | AA22: Quadra | AB22: 14:38 - 14:53 | AE22: Juvenil | AF22: Futsal | AG22: B2 v | AH22: C m | AI22: Quadra | AJ22: 15:37 - 15:57
I23: Juvenil | J23: Rouba-Bandeira | K23: C m | L23: C v | M23: Quadra | N23: 15:28 - 15:35 | Q23: Juvenil | R23: Futebol | S23: D m | T23: C m | U23: Campo | V23: 15:16 - 15:36 | W23: Infantil | X23: Queimada | Y23: A m | Z23: B1 m | AA23: Quadra | AB23: 14:55 - 15:10 | AE23: Juvenil | AF23: Futsal | AG23: D m | AH23: D v | AI23: Quadra | AJ23: 15:58 - 16:18 | AL23: Limpeza
I24: Juvenil | J24: Rouba-Bandeira | K24: B2 v | L24: D m | M24: Quadra | N24: 15:39 - 15:46 | Q24: Juvenil | R24: Futebol | S24: B2 v | T24: C m | U24: Campo | V24: 15:37 - 15:57 | W24: Infantil | X24: Queimada | Y24: B1 v | Z24: A v | AA24: Quadra | AB24: 15:13 - 15:28 | AE24: Júnior | AF24: Futsal | AG24: E m | AH24: E v | AI24: Quadra | AJ24: 16:19 - 16:49
I25: Juvenil | J25: Rouba-Bandeira | K25: D v | L25: C v | M25: Quadra | N25: 15:50 - 15:57 | Q25: Juvenil | R25: Futebol | S25: D m | T25: D v | U25: Campo | V25: 15:58 - 16:18 | W25: Infantil | X25: Queimada | Y25: A m | Z25: A v | AA25: Quadra | AB25: 15:30 - 15:45 | AE25: Júnior | AF25: Futsal | AG25: GR | AH25: E m | AI25: Quadra | AJ25: 16:50 - 17:20
I26: Juvenil | J26: Rouba-Bandeira | K26: B2 v | L26: C v | M26: Quadra | N26: 16:01 - 16:08 | Q26: Junior | R26: Futebol | S26: E m | T26: E v | U26: Campo | V26: 16:19 - 16:49 | W26: Infantil | X26: Queimada | Y26: B1 v | Z26: B2 m | AA26: Quadra | AB26: 15:48 - 16:03 | AE26: Júnior | AF26: Futsal | AG26: E v | AH26: GR | AI26: Quadra | AJ26: 17:21 - 17:41
I27: Juvenil | J27: Rouba-Bandeira | K27: D m | L27: C m | M27: Quadra | N27: 16:12 - 16:19 | Q27: Junior | R27: Futebol | S27: GR | T27: E m | U27: Campo | V27: 16:50 - 17:20 | AE27: Finais
I28: Juvenil | J28: Rouba-Bandeira | K28: B2 v | L28: C m | M28: Quadra | N28: 16:23 - 16:30 | Q28: Junior | R28: Futebol | S28: E v | T28: GR | U28: Campo | V28: 17:21 - 17:51 | AE28: Premiação | AJ28: sem tempo
I29: Juvenil | J29: Rouba-Bandeira | K29: D m | L29: D v | M29: Quadra | N29: 16:34 - 16:41
I30: Junior | J30: Rouba-Bandeira | K30: E m | L30: E v | M30: Quadra | N30: 16:56 - 17:03
I31: Junior | J31: Rouba-Bandeira | K31: GR | L31: E m | M31: Quadra
I32: Junior | J32: Rouba-Bandeira | K32: E v | L32: GR | M32: Quadra | N32: 17:07 - 17:14

Sheet Bandeiras
A1: Turmas | B1: Jurado 1 | C1: Jurado 2 | D1: Jurado 3 | E1: Jurado 4 | F1: Total
A2: A v | B2: 200 | C2: 230 | D2: 273 | E2: 260 | F2: =SUM(B2:E2)
A3: A m | B3: 230 | C3: 240 | D3: 258 | E3: 245 | F3: =SUM(B3:E3)
A4: B2 m | B4: 210 | C4: 235 | D4: 275 | E4: 260 | F4: =SUM(B4:E4)
A5: B1 v | B5: 230 | C5: 230 | D5: 273 | E5: 265 | F5: =SUM(B5:E5)
A6: B2 v | B6: 240 | C6: 235 | D6: 271 | E6: 265 | F6: =SUM(B6:E6)
A7: B1 m | B7: 210 | C7: 260 | D7: 269 | E7: 275 | F7: =SUM(B7:E7)
A8: C m | B8: 210 | C8: 255 | D8: 278 | E8: 285 | F8: =SUM(B8:E8)
A9: D m | B9: 230 | C9: 265 | D9: 278 | E9: 280 | F9: =SUM(B9:E9)
A10: D v | B10: 250 | C10: 260 | D10: 273 | E10: 280 | F10: =SUM(B10:E10)
A11: C v | B11: 260 | C11: 255 | D11: 291 | E11: 280 | F11: =SUM(B11:E11)
A12: E m | B12: 290 | C12: 270 | D12: 275 | E12: 290 | F12: =SUM(B12:E12)
A13: E v | B13: 300 | C13: 270 | D13: 284 | E13: 280 | F13: =SUM(B13:E13)
A14: GR | B14: 300 | C14: 300 | D14: 293 | E14: 295 | F14: =SUM(B14:E14)
